Index,Value
1,0
2,2
3,0
4,0
5,0
6,2
7,5
8,6
9,2
10,1
11,2
12,0
13,2
14,8
15,1
16,9
17,7
18,0
19,2
20,1
21,0
22,0
23,6
24,8
25,0
26,0
27,3
28,0
29,4
30,1
31,3
32,0
33,1
34,3
35,0
36,0
37,1
38,1
39,0
40,0
41,2
42,18
43,2
44,1
45,3
46,2
47,0
48,6
49,12
50,6
51,1
52,0
53,1
54,2
55,0
56,0
57,10
58,2
59,2
60,0
61,1
62,3
63,4
64,2
65,0
66,0
67,0
68,7
69,0
70,0
71,3
72,0
73,4
74,2
75,1
76,1
77,0
78,3
79,5
80,4
81,3
82,6
83,2
84,7
85,3
86,0
87,2
88,2
89,3
90,0
91,0
92,2
93,5
94,2
95,1
96,3
97,1
98,0
99,1
100,3
101,2
102,2
103,0
104,2
105,4
106,3
107,0
108,6
109,1
110,3
111,0
112,0
113,0
114,0
115,2
116,0
117,2
118,13
119,1
120,1
121,3
122,2
123,6
124,0
125,3
126,1
127,1
128,0
129,3
130,2
131,6
132,0
133,2
134,2
135,3
136,5
137,1
138,0
139,0
140,4
141,3
142,1
143,3
144,1
145,7
146,1
147,0
148,2
149,3
150,0
151,3
152,2
153,7
154,2
155,9
156,1
157,0
158,0
159,2
160,0
161,2
162,3
163,1
164,1
165,1
166,0
167,2
168,0
169,4
170,6
171,1
172,0
173,1
174,9
175,2
176,1
177,4
178,2
179,3
180,0
181,0
182,1
183,0
184,0
185,0
186,1
187,0
188,0
189,1
190,0
191,4
192,6
193,1
194,0
195,1
196,4
197,1
198,10
199,1
200,0
201,2
202,0
203,2
204,1
205,3
206,0
207,4
208,0
209,0
210,2
211,0
212,4
213,4
214,4
215,3
216,0
217,0
218,4
219,0
220,1
221,0
222,5
223,0
224,6
225,1
226,0
227,6
228,1
229,2
230,0
231,0
232,1
233,0
234,0
235,0
236,2
237,3
238,11
239,0
240,0
241,1
242,2
243,1
244,4
245,0
246,0
247,0
248,2
249,0
250,5
251,1
252,1
253,0
254,1
255,0
256,10
257,4
258,0
259,0
260,0
261,1
262,1
263,3
264,2
265,10
266,1
267,14
268,2
269,0
270,0
271,0
272,4
273,1
274,0
275,2
276,1
277,0
278,0
279,1
280,0
281,2
282,0
283,1
284,0
285,0
286,6
287,0
288,0
289,0
290,1
291,4
292,0
293,6
294,0
295,1
296,0
297,1
298,6
299,3
300,9
301,0
302,0
303,0
304,2
305,1
306,2
307,0
308,0
309,0
310,4
311,0
312,1
313,1
314,2
315,0
316,3
317,18
318,0
319,0
320,5
321,0
322,3
323,0
324,1
325,4
326,2
327,4
328,1
329,1
330,2
331,10
332,7
333,0
334,2
335,0
336,0
337,4
338,1
339,0
340,1
341,2
342,2
343,7
344,0
345,7
346,0
347,4
348,4
349,1
350,1
351,6
352,1
353,4
354,0
355,1
356,8
357,1
358,11
359,13
360,1
361,0
362,4
363,0
364,8
365,5
366,7
367,2
368,2
369,3
370,0
371,0
372,2
373,3
374,1
375,4
376,0
377,0
378,0
379,0
380,0
381,0
382,0
383,0
384,5
385,1
386,7
387,0
388,0
389,9
390,13
391,2
392,0
393,7
394,4
395,2
396,6
397,6
398,0
399,9
400,1
401,2
402,5
403,0
404,0
405,0
406,6
407,0
408,0
409,1
410,0
411,2
412,2
413,3
414,0
415,0
416,3
417,0
418,0
419,2
420,2
421,3
422,3
423,2
424,0
425,7
426,2
427,0
428,2
429,2
430,0
431,0
432,2
433,5
434,3
435,21
436,1
437,11
438,10
439,0
440,6
441,2
442,1
443,1
444,0
445,0
446,1
447,0
448,1
449,1
450,0
451,2
452,2
453,1
454,1
455,6
456,1
457,4
458,0
459,3
460,1
461,0
462,1
463,5
464,2
465,0
466,3
467,1
468,0
469,2
470,0
471,5
472,0
473,1
474,0
475,1
476,0
477,2
478,1
479,1
480,1
481,0
482,14
483,2
484,2
485,0
486,0
487,7
488,0
489,1
490,1
491,6
492,4
493,2
494,1
495,1
496,6
497,4
498,1
499,0
500,3
501,5
502,1
503,0
504,3
505,1
506,11
507,0
508,2
509,3
510,1
511,0
512,1
513,7
514,0
515,1
516,9
517,0
518,5
519,1
520,2
521,8
522,1
523,5
524,0
525,0
526,1
527,0
528,0
529,2
530,1
531,0
532,4
533,1
534,2
535,0
536,11
537,3
538,0
539,0
540,6
541,3
542,1
543,1
544,0
545,2
546,6
547,0
548,1
549,2
550,3
551,5
552,0
553,8
554,2
555,0
556,1
557,0
558,0
559,5
560,14
561,0
562,8
563,1
564,3
565,1
566,7
567,5
568,1
569,2
570,2
571,1
572,4
573,1
574,0
575,8
576,5
577,0
578,1
579,3
580,1
581,0
582,6
583,2
584,0
585,0
586,3
587,1
588,0
589,2
590,8
591,5
592,2
593,0
594,0
595,1
596,2
597,1
598,1
599,0
600,0
601,9
602,3
603,1
604,0
605,1
606,3
607,0
608,2
609,1
610,2
611,2
612,0
613,1
614,1
615,1
616,4
617,1
618,1
619,0
620,0
621,1
622,2
623,0
624,1
625,6
626,0
627,0
628,1
629,1
630,0
631,6
632,1
633,4
634,1
635,9
636,0
637,3
638,1
639,0
640,0
641,0
642,5
643,0
644,3
645,0
646,1
647,2
648,1
649,3
650,0
651,7
652,1
653,2
654,1
655,0
656,5
657,3
658,0
659,1
660,0
661,4
662,6
663,3
664,0
665,10
666,0
667,3
668,1
669,3
670,3
671,0
672,3
673,1
674,0
675,0
676,1
677,4
678,5
679,2
680,8
681,3
682,6
683,0
684,3
685,0
686,3
687,0
688,0
689,0
690,0
691,6
692,1
693,6
694,3
695,0
696,1
697,0
698,7
699,3
700,0
701,3
702,1
703,0
704,5
705,0
706,1
707,0
708,0
709,1
710,1
711,0
712,4
713,1
714,0
715,1
716,0
717,1
718,2
719,5
720,1
721,1
722,0
723,2
724,0
725,0
726,0
727,3
728,0
729,0
730,0
731,3
732,1
733,1
734,8
735,4
736,6
737,7
738,0
739,3
740,3
741,4
742,6
743,0
744,0
745,0
746,0
747,0
748,3
749,4
750,0
751,13
752,3
753,3
754,0
755,0
756,5
757,2
758,1
759,0
760,2
761,3
762,0
763,0
764,0
765,2
766,2
767,1
768,4
769,3
770,0
771,2
772,1
773,1
774,2
775,0
776,2
777,2
778,1
779,4
780,5
781,7
782,2
783,4
784,1
785,5
786,2
787,5
788,6
789,3
790,1
791,0
792,2
793,3
794,5
795,1
796,1
797,0
798,0
799,0
800,1
801,0
802,1
803,10
804,9
805,1
806,1
807,3
808,2
809,2
810,0
811,2
812,0
813,1
814,4
815,0
816,2
817,0
818,1
819,3
820,1
821,2
822,2
823,2
824,2
825,8
826,0
827,1
828,6
829,4
830,1
831,0
832,2
833,0
834,1
835,3
836,0
837,1
838,2
839,0
840,4
841,0
842,0
843,0
844,4
845,3
846,6
847,3
848,1
849,0
850,2
851,1
852,16
853,7
854,0
855,2
856,3
857,3
858,4
859,0
860,3
861,3
862,1
863,2
864,0
865,0
866,0
867,0
868,10
869,2
870,0
871,6
872,1
873,0
874,5
875,0
876,1
877,0
878,5
879,0
880,0
881,5
882,0
883,0
884,1
885,0
886,4
887,5
888,0
889,0
890,2
891,2
892,0
893,8
894,3
895,0
896,7
897,1
898,6
899,10
900,0
901,1
902,5
903,1
904,1
905,2
906,12
907,0
908,0
909,0
910,1
911,2
912,0
913,0
914,1
915,1
916,0
917,3
918,3
919,0
920,3
921,3
922,0
923,2
924,1
925,0
926,1
927,1
928,4
929,0
930,2
931,1
932,2
933,0
934,0
935,1
936,6
937,1
938,1
939,1
940,1
941,2
942,9
943,1
944,0
945,2
946,1
947,6
948,0
949,4
950,1
951,0
952,0
953,0
954,6
955,1
956,1
957,0
958,3
959,1
960,4
961,16
962,0
963,6
964,2
965,1
966,6
967,2
968,7
969,4
970,2
971,5
972,3
973,4
974,2
975,4
976,1
977,1
978,5
979,2
980,0
981,1
982,3
983,4
984,8
985,0
986,0
987,4
988,1
989,1
990,1
991,1
992,4
993,2
994,2
995,10
996,3
997,3
998,2
999,7
1000,0
1001,1
1002,4
1003,3
1004,0
1005,0
1006,0
1007,1
1008,9
1009,0
1010,1
1011,0
1012,1
1013,0
1014,2
1015,0
1016,3
1017,0
1018,5
1019,0
1020,2
1021,5
1022,11
1023,0
1024,4
1025,7
1026,1
1027,0
1028,1
1029,0
1030,1
1031,1
1032,5
1033,0
1034,1
1035,3
1036,2
1037,0
1038,0
1039,0
1040,0
1041,2
1042,0
1043,2
1044,1
1045,7
1046,0
1047,0
1048,3
1049,3
1050,0
1051,0
1052,2
1053,1
1054,5
1055,0
1056,0
1057,0
1058,7
1059,1
1060,1
1061,2
1062,1
1063,1
1064,0
1065,0
1066,1
1067,0
1068,6
1069,1
1070,5
1071,0
1072,3
1073,3
1074,1
1075,5
1076,1
1077,0
1078,0
1079,2
1080,4
1081,0
1082,1
1083,0
1084,2
1085,0
1086,0
1087,5
1088,4
1089,0
1090,0
1091,0
1092,1
1093,1
1094,0
1095,2
1096,7
1097,7
1098,3
1099,0
1100,0
1101,5
1102,0
1103,0
1104,4
1105,0
1106,5
1107,5
1108,0
1109,0
1110,4
1111,6
1112,1
1113,0
1114,0
1115,0
1116,2
1117,6
1118,5
1119,2
1120,6
1121,4
1122,2
1123,0
1124,1
1125,0
1126,8
1127,3
1128,4
1129,2
1130,8
1131,0
1132,3
1133,2
1134,0
1135,0
1136,4
1137,1
1138,3
1139,4
1140,1
1141,1
1142,0
1143,2
1144,0
1145,3
1146,0
1147,0
1148,1
1149,2
1150,0
1151,1
1152,4
1153,2
1154,1
1155,1
1156,3
1157,3
1158,6
1159,2
1160,0
1161,4
1162,0
1163,3
1164,1
1165,1
1166,0
1167,1
1168,2
1169,2
1170,6
1171,1
1172,0
1173,15
1174,1
1175,2
1176,0
1177,4
1178,3
1179,1
1180,1
1181,0
1182,3
1183,17
1184,8
1185,0
1186,5
1187,1
1188,4
1189,1
1190,1
1191,4
1192,7
1193,0
1194,0
1195,8
1196,0
1197,6
1198,0
1199,0
1200,7
1201,1
1202,8
1203,0
1204,1
1205,4
1206,0
1207,3
1208,0
1209,0
1210,1
1211,0
1212,3
1213,1
1214,3
1215,7
1216,3
1217,3
1218,3
1219,1
1220,3
1221,3
1222,0
1223,0
1224,7
1225,3
1226,1
1227,0
1228,0
1229,6
1230,3
1231,1
1232,0
1233,6
1234,10
1235,1
1236,1
1237,3
1238,1
1239,1
1240,5
1241,0
1242,0
1243,5
1244,0
1245,3
1246,2
1247,1
1248,0
1249,0
1250,1
1251,1
1252,1
1253,0
1254,5
1255,0
1256,4
1257,2
1258,0
1259,0
1260,0
1261,3
1262,1
1263,0
1264,4
1265,7
1266,1
1267,0
1268,2
1269,3
1270,1
1271,1
1272,2
1273,9
1274,6
1275,2
1276,2
1277,3
1278,5
1279,1
1280,0
1281,8
1282,7
1283,0
1284,3
1285,5
1286,0
1287,3
1288,0
1289,1
1290,1
1291,12
1292,6
1293,1
1294,0
1295,0
1296,1
1297,3
1298,0
1299,0
1300,1
1301,0
1302,4
1303,0
1304,0
1305,0
1306,1
1307,3
1308,0
1309,0
1310,2
1311,0
1312,8
1313,0
1314,0
1315,0
1316,0
1317,5
1318,5
1319,0
1320,1
1321,0
1322,2
1323,9
1324,0
1325,0
1326,0
1327,2
1328,11
1329,1
1330,10
1331,0
1332,0
1333,2
1334,1
1335,0
1336,0
1337,2
1338,0
1339,0
1340,1
1341,1
1342,0
1343,1
1344,0
1345,3
1346,1
1347,0
1348,0
1349,0
1350,1
1351,4
1352,1
1353,18
1354,1
1355,4
1356,0
1357,4
1358,4
1359,3
1360,0
1361,0
1362,1
1363,3
1364,1
1365,5
1366,0
1367,1
1368,2
1369,2
1370,1
1371,0
1372,1
1373,1
1374,4
1375,2
1376,1
1377,0
1378,1
1379,2
1380,3
1381,3
1382,2
1383,9
1384,2
1385,1
1386,0
1387,0
1388,1
1389,0
1390,1
1391,1
1392,1
1393,0
1394,0
1395,0
1396,2
1397,0
1398,5
1399,3
1400,8
1401,2
1402,4
1403,0
1404,0
1405,0
1406,0
1407,1
1408,1
1409,0
1410,0
1411,0
1412,4
1413,3
1414,3
1415,1
1416,0
1417,1
1418,0
1419,4
1420,1
1421,0
1422,1
1423,2
1424,0
1425,2
1426,0
1427,0
1428,0
1429,2
1430,3
1431,7
1432,5
1433,1
1434,3
1435,5
1436,0
1437,6
1438,4
1439,0
1440,1
1441,0
1442,0
1443,3
1444,0
1445,0
1446,3
1447,2
1448,4
1449,4
1450,7
1451,0
1452,0
1453,3
1454,12
1455,1
1456,0
1457,2
1458,0
1459,12
1460,2
1461,1
1462,0
1463,3
1464,2
1465,6
1466,2
1467,0
1468,2
1469,1
1470,5
1471,10
1472,2
1473,0
1474,0
1475,3
1476,0
1477,0
1478,3
1479,2
1480,0
1481,6
1482,1
1483,5
1484,2
1485,0
1486,1
1487,3
1488,0
1489,1
1490,4
1491,2
1492,0
1493,2
1494,16
1495,1
1496,0
1497,1
1498,2
1499,2
1500,2
1501,1
1502,0
1503,0
1504,4
1505,1
1506,3
1507,2
1508,0
1509,0
1510,2
1511,2
1512,1
1513,0
1514,5
1515,10
1516,1
1517,1
1518,1
1519,3
1520,7
1521,4
1522,2
1523,0
1524,6
1525,3
1526,1
1527,1
1528,0
1529,3
1530,0
1531,3
1532,0
1533,1
1534,15
1535,8
1536,1
1537,0
1538,0
1539,0
1540,4
1541,1
1542,3
1543,2
1544,0
1545,1
1546,2
1547,0
1548,5
1549,3
1550,5
1551,0
1552,7
1553,0
1554,4
1555,7
1556,8
1557,1
1558,0
1559,2
1560,1
1561,4
1562,1
1563,2
1564,0
1565,6
1566,0
1567,0
1568,0
1569,1
1570,2
1571,1
1572,0
1573,1
1574,7
1575,18
1576,0
1577,5
1578,0
1579,7
1580,0
1581,0
1582,2
1583,0
1584,2
1585,4
1586,3
1587,3
1588,0
1589,1
1590,1
1591,3
1592,0
1593,3
1594,2
1595,0
1596,5
1597,0
1598,2
1599,4
1600,3
1601,3
1602,7
1603,1
1604,1
1605,4
1606,1
1607,0
1608,2
1609,3
1610,6
1611,0
1612,7
1613,8
1614,1
1615,4
1616,1
1617,2
1618,7
1619,0
1620,0
1621,10
1622,0
1623,1
1624,2
1625,1
1626,6
1627,0
1628,0
1629,1
1630,3
1631,0
1632,7
1633,4
1634,3
1635,5
1636,0
1637,8
1638,1
1639,5
1640,0
1641,2
1642,3
1643,0
1644,1
1645,0
1646,4
1647,3
1648,2
1649,4
1650,0
1651,6
1652,0
1653,5
1654,1
1655,2
1656,0
1657,0
1658,1
1659,0
1660,0
1661,0
1662,12
1663,2
1664,2
1665,3
1666,5
1667,4
1668,1
1669,0
1670,1
1671,7
1672,13
1673,0
1674,0
1675,2
1676,0
1677,4
1678,4
1679,2
1680,3
1681,0
1682,3
1683,5
1684,2
1685,1
1686,4
1687,1
1688,0
1689,5
1690,8
1691,6
1692,0
1693,4
1694,6
1695,0
1696,2
1697,1
1698,7
1699,3
1700,7
1701,4
1702,0
1703,3
1704,2
1705,5
1706,5
1707,2
1708,5
1709,1
1710,3
1711,3
1712,0
1713,4
1714,6
1715,2
1716,3
1717,3
1718,6
1719,1
1720,0
1721,2
1722,7
1723,3
1724,0
1725,2
1726,3
1727,3
1728,0
1729,0
1730,0
1731,4
1732,0
1733,0
1734,11
1735,1
1736,3
1737,0
1738,0
1739,0
1740,10
1741,0
1742,0
1743,0
1744,1
1745,12
1746,3
1747,5
1748,3
1749,10
1750,8
1751,3
1752,0
1753,0
1754,1
1755,1
1756,3
1757,0
1758,5
1759,0
1760,1
1761,1
1762,4
1763,0
1764,5
1765,4
1766,0
1767,1
1768,5
1769,1
1770,0
1771,4
1772,0
1773,4
1774,13
1775,1
1776,0
1777,2
1778,0
1779,0
1780,2
1781,0
1782,4
1783,1
1784,5
1785,0
1786,2
1787,0
1788,7
1789,0
1790,7
1791,4
1792,3
1793,0
1794,3
1795,1
1796,1
1797,0
1798,0
1799,5
1800,2
1801,0
1802,9
1803,0
1804,0
1805,2
1806,0
1807,0
1808,0
1809,0
1810,0
1811,3
1812,0
1813,10
1814,4
1815,0
1816,4
1817,2
1818,0
1819,0
1820,2
1821,4
1822,10
1823,2
1824,0
1825,0
1826,0
1827,0
1828,0
1829,0
1830,2
1831,6
1832,1
1833,5
1834,1
1835,0
1836,1
1837,2
1838,1
1839,0
1840,1
1841,6
1842,5
1843,2
1844,2
1845,2
1846,4
1847,1
1848,4
1849,0
1850,2
1851,3
1852,3
1853,5
1854,9
1855,0
1856,1
1857,2
1858,6
1859,1
1860,2
1861,0
1862,2
1863,4
1864,0
1865,3
1866,5
1867,3
1868,5
1869,0
1870,3
1871,1
1872,3
1873,0
1874,3
1875,1
1876,3
1877,5
1878,2
1879,1
1880,0
1881,0
1882,2
1883,2
1884,7
1885,0
1886,2
1887,2
1888,9
1889,0
1890,2
1891,3
1892,0
1893,2
1894,2
1895,0
1896,0
1897,0
1898,3
1899,2
1900,2
1901,0
1902,3
1903,0
1904,4
1905,0
1906,3
1907,0
1908,0
1909,2
1910,0
1911,2
1912,0
1913,13
1914,0
1915,2
1916,1
1917,2
1918,1
1919,2
1920,1
1921,4
1922,1
1923,5
1924,2
1925,1
1926,2
1927,1
1928,0
1929,0
1930,0
1931,0
1932,4
1933,1
1934,0
1935,0
1936,0
1937,6
1938,2
1939,9
1940,0
1941,0
1942,0
1943,27
1944,0
1945,0
1946,1
1947,1
1948,0
1949,8
1950,6
1951,8
1952,1
1953,3
1954,1
1955,0
1956,1
1957,7
1958,0
1959,0
1960,0
1961,0
1962,4
1963,7
1964,1
1965,1
1966,4
1967,0
1968,2
1969,2
1970,1
1971,0
1972,0
1973,9
1974,0
1975,3
1976,0
1977,7
1978,8
1979,0
1980,4
1981,0
1982,6
1983,0
1984,14
1985,0
1986,0
1987,0
1988,0
1989,3
1990,1
1991,0
1992,1
1993,4
1994,6
1995,7
1996,2
1997,2
1998,13
1999,3
2000,0
2001,1
2002,2
2003,2
2004,3
2005,2
2006,5
2007,2
2008,0
2009,2
2010,5
2011,2
2012,1
2013,2
2014,5
2015,5
2016,0
2017,3
2018,3
2019,5
2020,4
2021,1
2022,2
2023,0
2024,1
2025,2
2026,0
2027,0
2028,1
2029,2
2030,0
2031,1
2032,3
2033,2
2034,8
2035,1
2036,0
2037,5
2038,6
2039,0
2040,4
2041,1
2042,0
2043,0
2044,0
2045,2
2046,4
2047,0
2048,4
2049,5
2050,4
2051,1
2052,4
2053,4
2054,4
2055,1
2056,1
2057,2
2058,8
2059,7
2060,1
2061,1
2062,2
2063,2
2064,2
2065,1
2066,1
2067,1
2068,1
2069,0
2070,2
2071,4
2072,4
2073,1
2074,0
2075,1
2076,6
2077,3
2078,2
2079,0
2080,1
2081,6
2082,1
2083,1
2084,0
2085,5
2086,0
2087,0
2088,8
2089,3
2090,0
2091,1
2092,2
2093,2
2094,5
2095,0
2096,7
2097,1
2098,2
2099,3
2100,3
2101,2
2102,0
2103,1
2104,0
2105,2
2106,3
2107,0
2108,4
2109,1
2110,1
2111,3
2112,0
2113,2
2114,10
2115,13
2116,8
2117,0
2118,0
2119,0
2120,1
2121,1
2122,0
2123,10
2124,0
2125,2
2126,0
2127,1
2128,3
2129,0
2130,1
2131,2
2132,7
2133,0
2134,0
2135,2
2136,0
2137,2
2138,1
2139,6
2140,2
2141,3
2142,2
2143,0
2144,14
2145,0
2146,0
2147,0
2148,0
2149,7
2150,3
2151,0
2152,0
2153,5
2154,9
2155,0
2156,5
2157,1
2158,1
2159,1
2160,6
2161,2
2162,0
2163,6
2164,0
2165,4
2166,7
2167,0
2168,3
2169,1
2170,4
2171,6
2172,3
2173,0
2174,0
2175,7
2176,1
2177,3
2178,2
2179,2
2180,6
2181,1
2182,2
2183,0
2184,0
2185,0
2186,1
2187,5
2188,3
2189,3
2190,3
2191,3
2192,0
2193,5
2194,0
2195,0
2196,4
2197,0
2198,0
2199,0
2200,1
2201,3
2202,0
2203,5
2204,0
2205,5
2206,0
2207,1
2208,1
2209,2
2210,0
2211,0
2212,0
2213,4
2214,6
2215,5
2216,5
2217,1
2218,2
2219,4
2220,0
2221,1
2222,2
2223,3
2224,14
2225,1
2226,0
2227,0
2228,2
2229,0
2230,5
2231,1
2232,0
2233,0
2234,0
2235,2
2236,5
2237,2
2238,1
2239,0
2240,6
2241,0
2242,0
2243,4
2244,0
2245,3
2246,10
2247,0
2248,10
2249,4
2250,0
2251,1
2252,0
2253,0
2254,0
2255,5
2256,3
2257,1
2258,1
2259,7
2260,1
2261,3
2262,4
2263,0
2264,0
2265,1
2266,0
2267,0
2268,1
2269,4
2270,1
2271,4
2272,6
2273,0
2274,0
2275,0
2276,2
2277,2
2278,1
2279,0
2280,0
2281,4
2282,0
2283,1
2284,0
2285,3
2286,2
2287,2
2288,6
2289,1
2290,10
2291,0
2292,4
2293,4
2294,1
2295,3
2296,0
2297,0
2298,6
2299,1
2300,2
2301,3
2302,1
2303,0
2304,6
2305,1
2306,1
2307,0
2308,2
2309,1
2310,1
2311,0
2312,6
2313,0
2314,3
2315,1
2316,23
2317,0
2318,1
2319,0
2320,3
2321,1
2322,0
2323,2
2324,5
2325,0
2326,2
2327,7
2328,0
2329,0
2330,0
2331,4
2332,1
2333,2
2334,2
2335,6
2336,0
2337,2
2338,1
2339,1
2340,4
2341,0
2342,5
2343,0
2344,0
2345,3
2346,9
2347,0
2348,1
2349,2
2350,0
2351,2
2352,4
2353,3
2354,3
2355,0
2356,0
2357,1
2358,1
2359,3
2360,2
2361,7
2362,5
2363,1
2364,3
2365,3
2366,1
2367,2
2368,1
2369,3
2370,5
2371,0
2372,0
2373,5
2374,5
2375,1
2376,4
2377,0
2378,2
2379,0
2380,0
2381,2
2382,1
2383,2
2384,2
2385,6
2386,0
2387,1
2388,1
2389,0
2390,4
2391,0
2392,0
2393,0
2394,1
2395,1
2396,4
2397,2
2398,0
2399,3
2400,1
2401,1
2402,0
2403,0
2404,0
2405,4
2406,2
2407,1
2408,0
2409,3
2410,1
2411,0
2412,1
2413,0
2414,1
2415,0
2416,1
2417,5
2418,0
2419,2
2420,1
2421,5
2422,6
2423,0
2424,3
2425,0
2426,0
2427,1
2428,3
2429,1
2430,0
2431,3
2432,4
2433,0
2434,0
2435,2
2436,1
2437,1
2438,0
2439,1
2440,0
2441,1
2442,0
2443,5
2444,5
2445,0
2446,5
2447,0
2448,0
2449,1
2450,2
2451,1
2452,2
2453,0
2454,2
2455,3
2456,2
2457,0
2458,3
2459,5
2460,1
2461,0
2462,5
2463,8
2464,1
2465,3
2466,0
2467,1
2468,0
2469,0
2470,5
2471,1
2472,1
2473,6
2474,2
2475,5
2476,0
2477,5
2478,5
2479,0
2480,2
2481,2
2482,4
2483,4
2484,0
2485,4
2486,2
2487,3
2488,0
2489,8
2490,0
2491,0
2492,2
2493,2
2494,0
2495,0
2496,3
2497,2
2498,5
2499,2
2500,0
2501,1
2502,2
2503,1
2504,1
2505,1
2506,4
2507,2
2508,2
2509,0
2510,0
2511,1
2512,2
2513,5
2514,4
2515,0
2516,2
2517,11
2518,3
2519,4
2520,2
2521,0
2522,4
2523,4
2524,5
2525,0
2526,1
2527,2
2528,0
2529,0
2530,0
2531,1
2532,1
2533,9
2534,0
2535,1
2536,0
2537,0
2538,0
2539,0
2540,4
2541,3
2542,2
2543,1
2544,7
2545,0
2546,1
2547,3
2548,4
2549,7
2550,3
2551,3
2552,1
2553,1
2554,6
2555,0
2556,0
2557,2
2558,1
2559,2
2560,0
2561,1
2562,1
2563,4
2564,2
2565,0
2566,1
2567,0
2568,1
2569,5
2570,1
2571,0
2572,1
2573,2
2574,3
2575,0
2576,1
2577,5
2578,9
2579,7
2580,2
2581,0
2582,1
2583,0
2584,4
2585,1
2586,0
2587,6
2588,1
2589,3
2590,0
2591,0
2592,6
2593,0
2594,0
2595,2
2596,1
2597,0
2598,1
2599,6
2600,0
2601,2
2602,2
2603,0
2604,12
2605,0
2606,0
2607,1
2608,2
2609,8
2610,3
2611,1
2612,0
2613,1
2614,0
2615,1
2616,3
2617,0
2618,7
2619,4
2620,1
2621,1
2622,4
2623,0
2624,2
2625,1
2626,1
2627,2
2628,3
2629,2
2630,2
2631,4
2632,2
2633,1
2634,5
2635,1
2636,0
2637,2
2638,1
2639,1
2640,2
2641,4
2642,0
2643,1
2644,3
2645,0
2646,5
2647,2
2648,11
2649,0
2650,2
2651,3
2652,1
2653,7
2654,5
2655,1
2656,1
2657,0
2658,4
2659,0
2660,0
2661,0
2662,0
2663,6
2664,0
2665,11
2666,2
2667,2
2668,0
2669,0
2670,2
2671,1
2672,0
2673,2
2674,0
2675,0
2676,2
2677,2
2678,2
2679,1
2680,2
2681,1
2682,0
2683,0
2684,5
2685,2
2686,0
2687,6
2688,2
2689,2
2690,4
2691,1
2692,3
2693,0
2694,0
2695,4
2696,1
2697,0
2698,0
2699,0
2700,3
2701,1
2702,2
2703,0
2704,0
2705,6
2706,2
2707,1
2708,5
2709,1
2710,2
2711,5
2712,5
2713,4
2714,10
2715,5
2716,9
2717,0
2718,2
2719,0
2720,6
2721,12
2722,2
2723,6
2724,1
2725,11
2726,0
2727,1
2728,0
2729,1
2730,4
2731,0
2732,1
2733,1
2734,1
2735,7
2736,0
2737,0
2738,0
2739,2
2740,0
2741,3
2742,2
2743,11
2744,3
2745,1
2746,0
2747,0
2748,0
2749,0
2750,2
2751,0
2752,3
2753,1
2754,1
2755,0
2756,1
2757,7
2758,0
2759,0
2760,0
2761,1
2762,0
2763,1
2764,1
2765,4
2766,5
2767,1
2768,1
2769,0
2770,1
2771,0
2772,5
2773,3
2774,0
2775,0
2776,0
2777,1
2778,2
2779,2
2780,3
2781,6
2782,0
2783,3
2784,3
2785,0
2786,2
2787,0
2788,6
2789,2
2790,0
2791,0
2792,0
2793,1
2794,2
2795,2
2796,4
2797,8
2798,3
2799,4
2800,0
2801,1
2802,0
2803,11
2804,4
2805,0
2806,3
2807,3
2808,9
2809,2
2810,10
2811,3
2812,2
2813,0
2814,0
2815,0
2816,3
2817,1
2818,5
2819,3
2820,4
2821,0
2822,4
2823,5
2824,0
2825,5
2826,1
2827,0
2828,9
2829,1
2830,1
2831,2
2832,0
2833,1
2834,0
2835,0
2836,0
2837,3
2838,2
2839,4
2840,8
2841,0
2842,0
2843,1
2844,1
2845,1
2846,2
2847,2
2848,0
2849,1
2850,2
2851,3
2852,2
2853,1
2854,3
2855,0
2856,5
2857,2
2858,6
2859,0
2860,17
2861,0
2862,3
2863,0
2864,0
2865,2
2866,3
2867,1
2868,8
2869,1
2870,1
2871,0
2872,5
2873,0
2874,1
2875,0
2876,2
2877,1
2878,5
2879,0
2880,1
2881,1
2882,2
2883,0
2884,0
2885,2
2886,0
2887,2
2888,1
2889,2
2890,3
2891,3
2892,2
2893,1
2894,2
2895,1
2896,0
2897,12
2898,3
2899,2
2900,0
2901,1
2902,0
2903,4
2904,1
2905,0
2906,3
2907,3
2908,1
2909,1
2910,0
2911,2
2912,0
2913,0
2914,3
2915,1
2916,1
2917,4
2918,5
2919,5
2920,1
2921,14
2922,2
2923,2
2924,0
2925,0
2926,1
2927,5
2928,0
2929,0
2930,4
2931,4
2932,0
2933,0
2934,2
2935,5
2936,8
2937,3
2938,4
2939,2
2940,2
2941,1
2942,1
2943,1
2944,6
2945,0
2946,0
2947,2
2948,2
2949,9
2950,1
2951,2
2952,8
2953,0
2954,1
2955,1
2956,7
2957,2
2958,8
2959,1
2960,0
2961,3
2962,0
2963,0
2964,0
2965,4
2966,2
2967,0
2968,0
2969,18
2970,1
2971,1
2972,2
2973,5
2974,3
2975,3
2976,1
2977,3
2978,0
2979,0
2980,1
2981,2
2982,2
2983,3
2984,6
2985,7
2986,0
2987,2
2988,3
2989,3
2990,0
2991,2
2992,8
2993,0
2994,0
2995,5
2996,2
2997,0
2998,5
2999,1
3000,0
3001,0
3002,2
3003,1
3004,1
3005,0
3006,0
3007,0
3008,1
3009,0
3010,0
3011,0
3012,2
3013,7
3014,0
3015,0
3016,5
3017,2
3018,1
3019,3
3020,2
3021,2
3022,0
3023,9
3024,0
3025,1
3026,0
3027,1
3028,2
3029,3
3030,0
3031,4
3032,1
3033,0
3034,4
3035,0
3036,7
3037,2
3038,1
3039,2
3040,0
3041,1
3042,9
3043,0
3044,0
3045,0
3046,3
3047,0
3048,7
3049,1
3050,8
3051,3
3052,1
3053,1
3054,4
3055,4
3056,2
3057,12
3058,0
3059,4
3060,0
3061,8
3062,2
3063,4
3064,0
3065,1
3066,3
3067,1
3068,3
3069,4
3070,7
3071,3
3072,6
3073,12
3074,5
3075,3
3076,0
3077,0
3078,7
3079,0
3080,0
3081,0
3082,4
3083,2
3084,3
3085,0
3086,0
3087,6
3088,9
3089,0
3090,2
3091,1
3092,1
3093,1
3094,0
3095,0
3096,1
3097,0
3098,3
3099,0
3100,0
3101,6
3102,1
3103,2
3104,3
3105,1
3106,2
3107,0
3108,3
3109,1
3110,4
3111,2
3112,4
3113,2
3114,1
3115,1
3116,2
3117,12
3118,10
3119,0
3120,3
3121,2
3122,3
3123,4
3124,1
3125,0
3126,1
3127,7
3128,1
3129,3
3130,0
3131,2
3132,0
3133,1
3134,1
3135,2
3136,1
3137,1
3138,0
3139,0
3140,3
3141,0
3142,0
3143,4
3144,3
3145,0
3146,0
3147,18
3148,1
3149,2
3150,6
3151,8
3152,1
3153,0
3154,2
3155,3
3156,0
3157,2
3158,10
3159,0
3160,0
3161,0
3162,1
3163,3
3164,1
3165,1
3166,1
3167,0
3168,1
3169,0
3170,3
3171,0
3172,1
3173,1
3174,0
3175,0
3176,1
3177,0
3178,0
3179,2
3180,0
3181,8
3182,12
3183,0
3184,0
3185,9
3186,1
3187,3
3188,3
3189,6
3190,3
3191,3
3192,3
3193,0
3194,2
3195,0
3196,1
3197,1
3198,4
3199,0
3200,0
3201,1
3202,6
3203,7
3204,3
3205,5
3206,1
3207,7
3208,3
3209,2
3210,7
3211,0
3212,0
3213,6
3214,0
3215,4
3216,12
3217,1
3218,3
3219,5
3220,2
3221,2
3222,0
3223,0
3224,1
3225,5
3226,1
3227,20
3228,2
3229,6
3230,0
3231,4
3232,0
3233,3
3234,6
3235,0
3236,2
3237,1
3238,4
3239,2
3240,6
3241,2
3242,0
3243,0
3244,1
3245,0
3246,5
3247,0
3248,1
3249,10
3250,2
3251,5
3252,0
3253,5
3254,1
3255,1
3256,1
3257,3
3258,2
3259,1
3260,5
3261,0
3262,4
3263,3
3264,2
3265,2
3266,3
3267,0
3268,1
3269,6
3270,1
3271,13
3272,2
3273,1
3274,1
3275,1
3276,1
3277,0
3278,1
3279,0
3280,0
3281,1
3282,3
3283,0
3284,1
3285,1
3286,5
3287,0
3288,0
3289,10
3290,3
3291,0
3292,0
3293,0
3294,0
3295,0
3296,3
3297,0
3298,3
3299,1
3300,4
3301,0
3302,1
3303,0
3304,6
3305,2
3306,5
3307,5
3308,3
3309,2
3310,0
3311,3
3312,0
3313,6
3314,1
3315,0
3316,2
3317,2
3318,0
3319,5
3320,0
3321,1
3322,1
3323,6
3324,0
3325,12
3326,0
3327,8
3328,1
3329,14
3330,8
3331,5
3332,15
3333,0
3334,2
3335,1
3336,0
3337,1
3338,0
3339,0
3340,4
3341,6
3342,1
3343,0
3344,4
3345,1
3346,1
3347,4
3348,2
3349,0
3350,0
3351,0
3352,5
3353,0
3354,2
3355,0
3356,0
3357,0
3358,0
3359,1
3360,2
3361,3
3362,0
3363,2
3364,7
3365,0
3366,3
3367,0
3368,0
3369,0
3370,6
3371,0
3372,1
3373,3
3374,8
3375,1
3376,1
3377,0
3378,7
3379,2
3380,0
3381,3
3382,8
3383,4
3384,0
3385,0
3386,4
3387,3
3388,1
3389,0
3390,0
3391,1
3392,0
3393,1
3394,6
3395,0
3396,1
3397,1
3398,0
3399,0
3400,2
3401,2
3402,1
3403,7
3404,1
3405,5
3406,6
3407,2
3408,0
3409,2
3410,1
3411,1
3412,0
3413,5
3414,0
3415,3
3416,1
3417,6
3418,0
3419,4
3420,1
3421,1
3422,7
3423,1
3424,2
3425,2
3426,5
3427,2
3428,2
3429,2
3430,11
3431,6
3432,0
3433,1
3434,3
3435,1
3436,2
3437,0
3438,5
3439,0
3440,5
3441,1
3442,5
3443,0
3444,14
3445,3
3446,3
3447,1
3448,0
3449,5
3450,0
3451,0
3452,0
3453,1
3454,5
3455,1
3456,0
3457,0
3458,3
3459,0
3460,4
3461,0
3462,2
3463,2
3464,2
3465,3
3466,1
3467,1
3468,0
3469,7
3470,0
3471,0
3472,0
3473,5
3474,1
3475,4
3476,2
3477,5
3478,5
3479,11
3480,3
3481,0
3482,2
3483,1
3484,0
3485,0
3486,4
3487,0
3488,2
3489,7
3490,1
3491,0
3492,4
3493,0
3494,0
3495,1
3496,5
3497,0
3498,1
3499,6
3500,3
3501,4
3502,3
3503,0
3504,1
3505,2
3506,0
3507,0
3508,0
3509,0
3510,0
3511,0
3512,0
3513,0
3514,1
3515,7
3516,0
3517,0
3518,2
3519,1
3520,5
3521,7
3522,0
3523,0
3524,0
3525,3
3526,0
3527,5
3528,1
3529,2
3530,2
3531,6
3532,0
3533,1
3534,2
3535,0
3536,2
3537,5
3538,1
3539,0
3540,0
3541,1
3542,15
3543,0
3544,8
3545,1
3546,0
3547,0
3548,6
3549,2
3550,7
3551,1
3552,3
3553,0
3554,0
3555,18
3556,4
3557,3
3558,3
3559,0
3560,0
3561,2
3562,0
3563,2
3564,3
3565,2
3566,3
3567,4
3568,0
3569,0
3570,7
3571,3
3572,4
3573,3
3574,1
3575,2
3576,11
3577,0
3578,2
3579,0
3580,0
3581,7
3582,0
3583,0
3584,1
3585,1
3586,0
3587,0
3588,4
3589,1
3590,2
3591,2
3592,2
3593,11
3594,1
3595,0
3596,0
3597,0
3598,1
3599,3
3600,5
3601,1
3602,1
3603,2
3604,1
3605,1
3606,2
3607,0
3608,4
3609,0
3610,1
3611,0
3612,1
3613,0
3614,5
3615,2
3616,0
3617,0
3618,2
3619,0
3620,1
3621,3
3622,4
3623,2
3624,0
3625,1
3626,7
3627,19
3628,1
3629,0
3630,7
3631,2
3632,2
3633,7
3634,4
3635,5
3636,1
3637,4
3638,2
3639,4
3640,1
3641,3
3642,1
3643,4
3644,0
3645,0
3646,1
3647,2
3648,4
3649,4
3650,3
3651,5
3652,3
3653,0
3654,2
3655,1
3656,0
3657,0
3658,4
3659,2
3660,2
3661,0
3662,0
3663,7
3664,0
3665,0
3666,1
3667,1
3668,1
3669,1
3670,3
3671,0
3672,2
3673,0
3674,5
3675,1
3676,10
3677,3
3678,1
3679,2
3680,8
3681,0
3682,5
3683,0
3684,0
3685,5
3686,0
3687,3
3688,0
3689,1
3690,0
3691,1
3692,2
3693,0
3694,4
3695,14
3696,2
3697,2
3698,6
3699,11
3700,1
3701,4
3702,1
3703,2
3704,0
3705,0
3706,5
3707,0
3708,1
3709,0
3710,1
3711,0
3712,1
3713,0
3714,1
3715,0
3716,7
3717,1
3718,0
3719,0
3720,5
3721,0
3722,1
3723,4
3724,2
3725,1
3726,4
3727,2
3728,0
3729,3
3730,4
3731,0
3732,15
3733,2
3734,1
3735,0
3736,1
3737,1
3738,0
3739,3
3740,2
3741,1
3742,1
3743,8
3744,5
3745,2
3746,1
3747,0
3748,1
3749,11
3750,4
3751,4
3752,3
3753,9
3754,4
3755,0
3756,0
3757,0
3758,2
3759,1
3760,5
3761,0
3762,1
3763,0
3764,0
3765,0
3766,0
3767,0
3768,7
3769,2
3770,2
3771,1
3772,0
3773,1
3774,5
3775,5
3776,3
3777,3
3778,3
3779,1
3780,3
3781,3
3782,6
3783,0
3784,3
3785,0
3786,0
3787,1
3788,6
3789,1
3790,2
3791,5
3792,7
3793,3
3794,0
3795,5
3796,3
3797,2
3798,6
3799,0
3800,2
3801,0
3802,4
3803,0
3804,4
3805,1
3806,0
3807,13
3808,6
3809,2
3810,1
3811,10
3812,0
3813,1
3814,2
3815,0
3816,0
3817,0
3818,0
3819,5
3820,2
3821,3
3822,3
3823,0
3824,0
3825,5
3826,0
3827,14
3828,1
3829,1
3830,0
3831,1
3832,4
3833,6
3834,0
3835,10
3836,1
3837,1
3838,1
3839,0
3840,4
3841,11
3842,3
3843,6
3844,0
3845,0
3846,0
3847,0
3848,8
3849,0
3850,4
3851,0
3852,3
3853,1
3854,0
3855,2
3856,0
3857,0
3858,1
3859,2
3860,6
3861,0
3862,0
3863,1
3864,0
3865,4
3866,1
3867,1
3868,0
3869,0
3870,1
3871,3
3872,1
3873,6
3874,1
3875,3
3876,5
3877,0
3878,4
3879,4
3880,2
3881,2
3882,1
3883,0
3884,1
3885,0
3886,2
3887,8
3888,2
3889,0
3890,2
3891,6
3892,3
3893,0
3894,5
3895,3
3896,1
3897,10
3898,0
3899,4
3900,3
3901,2
3902,1
3903,7
3904,0
3905,4
3906,0
3907,0
3908,5
3909,4
3910,3
3911,2
3912,2
3913,12
3914,14
3915,2
3916,1
3917,0
3918,2
3919,1
3920,2
3921,6
3922,5
3923,16
3924,1
3925,1
3926,2
3927,2
3928,2
3929,1
3930,2
3931,0
3932,2
3933,1
3934,2
3935,4
3936,0
3937,0
3938,0
3939,4
3940,2
3941,1
3942,3
3943,0
3944,4
3945,3
3946,2
3947,2
3948,2
3949,0
3950,1
3951,5
3952,1
3953,0
3954,5
3955,1
3956,4
3957,2
3958,0
3959,0
3960,0
3961,4
3962,2
3963,0
3964,6
3965,1
3966,4
3967,5
3968,5
3969,2
3970,0
3971,3
3972,1
3973,1
3974,2
3975,4
3976,0
3977,0
3978,4
3979,2
3980,0
3981,0
3982,6
3983,0
3984,3
3985,3
3986,2
3987,3
3988,0
3989,1
3990,0
3991,14
3992,3
3993,0
3994,6
3995,1
3996,0
3997,1
3998,1
3999,8
4000,5
4001,15
4002,0
4003,3
4004,0
4005,2
4006,24
4007,8
4008,4
4009,0
4010,0
4011,10
4012,3
4013,1
4014,1
4015,0
4016,0
4017,2
4018,5
4019,0
4020,3
4021,0
4022,9
4023,3
4024,5
4025,1
4026,3
4027,2
4028,1
4029,2
4030,0
4031,10
4032,0
4033,1
4034,4
4035,3
4036,0
4037,4
4038,0
4039,1
4040,0
4041,7
4042,0
4043,0
4044,0
4045,0
4046,0
4047,2
4048,2
4049,7
4050,0
4051,5
4052,1
4053,1
4054,0
4055,2
4056,2
4057,3
4058,0
4059,0
4060,0
4061,0
4062,9
4063,2
4064,0
4065,2
4066,0
4067,3
4068,6
4069,2
4070,0
4071,5
4072,0
4073,3
4074,0
4075,1
4076,5
4077,5
4078,2
4079,3
4080,2
4081,2
4082,1
4083,2
4084,2
4085,2
4086,4
4087,1
4088,0
4089,0
4090,3
4091,0
4092,8
4093,3
4094,19
4095,0
4096,0
4097,3
4098,6
4099,2
4100,5
4101,2
4102,0
4103,5
4104,10
4105,2
4106,0
4107,0
4108,9
4109,7
4110,3
4111,2
4112,3
4113,0
4114,1
4115,1
4116,2
4117,0
4118,2
4119,1
4120,2
4121,1
4122,0
4123,0
4124,2
4125,0
4126,1
4127,1
4128,0
4129,9
4130,9
4131,4
4132,3
4133,0
4134,3
4135,1
4136,0
4137,11
4138,2
4139,1
4140,0
4141,2
4142,1
4143,0
4144,1
4145,0
4146,5
4147,5
4148,1
4149,2
4150,5
4151,5
4152,11
4153,2
4154,2
4155,0
4156,0
4157,4
4158,0
4159,0
4160,0
4161,6
4162,0
4163,4
4164,2
4165,2
4166,0
4167,7
4168,2
4169,1
4170,0
4171,2
4172,2
4173,4
4174,2
4175,1
4176,1
4177,0
4178,1
4179,1
4180,1
4181,0
4182,1
4183,0
4184,4
4185,6
4186,4
4187,5
4188,2
4189,2
4190,5
4191,0
4192,0
4193,1
4194,0
4195,4
4196,3
4197,0
4198,6
4199,4
4200,1
4201,0
4202,1
4203,0
4204,4
4205,1
4206,1
4207,5
4208,0
4209,7
4210,0
4211,1
4212,1
4213,4
4214,8
4215,1
4216,2
4217,0
4218,6
4219,1
4220,2
4221,5
4222,0
4223,2
4224,2
4225,3
4226,0
4227,1
4228,0
4229,2
4230,10
4231,9
4232,2
4233,0
4234,5
4235,2
4236,0
4237,0
4238,0
4239,3
4240,0
4241,4
4242,0
4243,0
4244,0
4245,0
4246,1
4247,1
4248,1
4249,0
4250,6
4251,1
4252,3
4253,0
4254,7
4255,0
4256,2
4257,2
4258,1
4259,5
4260,2
4261,2
4262,3
4263,1
4264,3
4265,1
4266,5
4267,2
4268,8
4269,2
4270,0
4271,8
4272,2
4273,1
4274,1
4275,3
4276,0
4277,0
4278,0
4279,0
4280,8
4281,0
4282,2
4283,2
4284,3
4285,4
4286,0
4287,0
4288,3
4289,6
4290,0
4291,0
4292,2
4293,2
4294,1
4295,2
4296,4
4297,2
4298,0
4299,3
4300,0
4301,8
4302,0
4303,6
4304,5
4305,1
4306,0
4307,1
4308,0
4309,0
4310,2
4311,1
4312,4
4313,0
4314,0
4315,4
4316,5
4317,14
4318,0
4319,0
4320,7
4321,0
4322,2
4323,0
4324,1
4325,1
4326,4
4327,6
4328,0
4329,0
4330,0
4331,8
4332,10
4333,0
4334,1
4335,2
4336,3
4337,5
4338,0
4339,2
4340,1
4341,4
4342,2
4343,1
4344,1
4345,0
4346,1
4347,2
4348,1
4349,12
4350,0
4351,2
4352,4
4353,1
4354,2
4355,1
4356,7
4357,0
4358,2
4359,5
4360,8
4361,5
4362,0
4363,2
4364,1
4365,2
4366,4
4367,0
4368,5
4369,5
4370,1
4371,1
4372,0
4373,8
4374,1
4375,1
4376,0
4377,0
4378,2
4379,5
4380,12
4381,6
4382,2
4383,0
4384,3
4385,1
4386,2
4387,2
4388,0
4389,9
4390,5
4391,0
4392,0
4393,6
4394,7
4395,1
4396,1
4397,0
4398,0
4399,0
4400,2
4401,4
4402,0
4403,2
4404,0
4405,0
4406,0
4407,2
4408,4
4409,0
4410,2
4411,1
4412,3
4413,2
4414,2
4415,0
4416,0
4417,2
4418,5
4419,0
4420,2
4421,1
4422,4
4423,4
4424,0
4425,2
4426,2
4427,1
4428,2
4429,0
4430,6
4431,0
4432,0
4433,3
4434,0
4435,7
4436,1
4437,0
4438,2
4439,1
4440,0
4441,7
4442,2
4443,2
4444,1
4445,1
4446,3
4447,1
4448,0
4449,0
4450,0
4451,3
4452,2
4453,6
4454,1
4455,0
4456,1
4457,1
4458,0
4459,4
4460,1
4461,7
4462,0
4463,7
4464,5
4465,2
4466,8
4467,1
4468,2
4469,9
4470,0
4471,0
4472,1
4473,5
4474,1
4475,0
4476,4
4477,2
4478,11
4479,1
4480,3
4481,2
4482,0
4483,5
4484,0
4485,0
4486,1
4487,0
4488,4
4489,6
4490,0
4491,1
4492,0
4493,0
4494,2
4495,1
4496,7
4497,1
4498,0
4499,6
4500,0
4501,1
4502,3
4503,1
4504,5
4505,1
4506,0
4507,1
4508,1
4509,0
4510,4
4511,0
4512,1
4513,0
4514,0
4515,0
4516,6
4517,1
4518,0
4519,0
4520,5
4521,1
4522,0
4523,9
4524,7
4525,1
4526,2
4527,2
4528,1
4529,1
4530,1
4531,1
4532,3
4533,4
4534,6
4535,0
4536,0
4537,1
4538,2
4539,1
4540,2
4541,2
4542,2
4543,4
4544,1
4545,4
4546,1
4547,0
4548,1
4549,2
4550,3
4551,3
4552,7
4553,4
4554,0
4555,7
4556,0
4557,3
4558,1
4559,1
4560,2
4561,5
4562,0
4563,0
4564,0
4565,1
4566,0
4567,3
4568,0
4569,7
4570,6
4571,0
4572,3
4573,0
4574,0
4575,3
4576,5
4577,5
4578,4
4579,0
4580,0
4581,0
4582,1
4583,1
4584,2
4585,1
4586,0
4587,4
4588,5
4589,0
4590,0
4591,0
4592,3
4593,0
4594,2
4595,10
4596,2
4597,2
4598,0
4599,2
4600,0
4601,3
4602,4
4603,4
4604,3
4605,2
4606,0
4607,0
4608,5
4609,0
4610,0
4611,0
4612,0
4613,0
4614,4
4615,0
4616,2
4617,0
4618,0
4619,0
4620,0
4621,0
4622,1
4623,4
4624,5
4625,7
4626,0
4627,9
4628,0
4629,0
4630,0
4631,1
4632,3
4633,4
4634,2
4635,0
4636,2
4637,3
4638,4
4639,3
4640,9
4641,2
4642,0
4643,2
4644,1
4645,6
4646,0
4647,10
4648,0
4649,1
4650,0
4651,1
4652,0
4653,2
4654,3
4655,1
4656,0
4657,3
4658,3
4659,9
4660,0
4661,3
4662,1
4663,1
4664,0
4665,2
4666,1
4667,8
4668,4
4669,0
4670,1
4671,4
4672,1
4673,1
4674,3
4675,3
4676,1
4677,12
4678,10
4679,0
4680,0
4681,0
4682,2
4683,5
4684,0
4685,6
4686,1
4687,4
4688,15
4689,1
4690,5
4691,4
4692,4
4693,2
4694,9
4695,3
4696,0
4697,3
4698,5
4699,0
4700,0
4701,1
4702,1
4703,2
4704,4
4705,3
4706,4
4707,0
4708,0
4709,0
4710,0
4711,8
4712,2
4713,1
4714,0
4715,9
4716,0
4717,4
4718,1
4719,0
4720,4
4721,1
4722,0
4723,3
4724,5
4725,0
4726,2
4727,2
4728,3
4729,2
4730,4
4731,1
4732,5
4733,3
4734,2
4735,4
4736,2
4737,10
4738,16
4739,0
4740,0
4741,2
4742,0
4743,2
4744,1
4745,3
4746,5
4747,0
4748,0
4749,0
4750,3
4751,4
4752,3
4753,1
4754,2
4755,0
4756,3
4757,3
4758,1
4759,0
4760,1
4761,2
4762,1
4763,0
4764,1
4765,0
4766,7
4767,0
4768,1
4769,0
4770,0
4771,4
4772,0
4773,10
4774,3
4775,4
4776,1
4777,1
4778,0
4779,1
4780,1
4781,6
4782,1
4783,2
4784,1
4785,0
4786,1
4787,2
4788,1
4789,1
4790,5
4791,2
4792,1
4793,6
4794,1
4795,0
4796,7
4797,0
4798,3
4799,2
4800,1
4801,0
4802,3
4803,1
4804,5
4805,0
4806,8
4807,0
4808,2
4809,0
4810,2
4811,1
4812,2
4813,1
4814,0
4815,2
4816,3
4817,4
4818,2
4819,0
4820,0
4821,0
4822,6
4823,0
4824,8
4825,0
4826,7
4827,0
4828,1
4829,4
4830,1
4831,3
4832,2
4833,5
4834,6
4835,0
4836,2
4837,5
4838,0
4839,1
4840,1
4841,0
4842,2
4843,0
4844,2
4845,1
4846,2
4847,2
4848,3
4849,1
4850,0
4851,1
4852,0
4853,1
4854,8
4855,2
4856,1
4857,0
4858,1
4859,4
4860,2
4861,1
4862,2
4863,4
4864,0
4865,1
4866,2
4867,3
4868,8
4869,0
4870,0
4871,2
4872,3
4873,0
4874,1
4875,0
4876,8
4877,7
4878,0
4879,10
4880,3
4881,9
4882,0
4883,1
4884,0
4885,5
4886,5
4887,2
4888,1
4889,2
4890,5
4891,0
4892,3
4893,3
4894,0
4895,2
4896,0
4897,0
4898,2
4899,0
4900,9
4901,1
4902,0
4903,3
4904,1
4905,1
4906,5
4907,0
4908,11
4909,0
4910,2
4911,2
4912,4
4913,2
4914,3
4915,7
4916,1
4917,0
4918,16
4919,4
4920,5
4921,0
4922,3
4923,4
4924,1
4925,0
4926,0
4927,5
4928,0
4929,3
4930,1
4931,12
4932,0
4933,0
4934,0
4935,3
4936,0
4937,12
4938,0
4939,0
4940,2
4941,0
4942,1
4943,0
4944,5
4945,5
4946,0
4947,0
4948,9
4949,0
4950,1
4951,1
4952,2
4953,1
4954,2
4955,1
4956,0
4957,3
4958,7
4959,1
4960,3
4961,0
4962,0
4963,3
4964,1
4965,0
4966,4
4967,0
4968,0
4969,2
4970,2
4971,7
4972,4
4973,1
4974,2
4975,3
4976,5
4977,6
4978,1
4979,4
4980,3
4981,2
4982,0
4983,1
4984,1
4985,3
4986,2
4987,1
4988,4
4989,0
4990,0
4991,0
4992,3
4993,0
4994,1
4995,3
4996,0
4997,9
4998,1
4999,3
5000,12
5001,1
5002,0
5003,2
5004,4
5005,0
5006,4
5007,0
5008,3
5009,2
5010,9
5011,0
5012,1
5013,15
5014,1
5015,5
5016,1
5017,2
5018,2
5019,0
5020,0
5021,2
5022,0
5023,6
5024,0
5025,3
5026,1
5027,0
5028,3
5029,2
5030,2
5031,12
5032,2
5033,0
5034,3
5035,2
5036,10
5037,1
5038,0
5039,2
5040,11
5041,6
5042,2
5043,1
5044,4
5045,1
5046,0
5047,1
5048,1
5049,3
5050,0
5051,3
5052,0
5053,8
5054,2
5055,0
5056,3
5057,0
5058,1
5059,0
5060,1
5061,1
5062,10
5063,1
5064,2
5065,1
5066,1
5067,0
5068,4
5069,0
5070,0
5071,3
5072,7
5073,6
5074,0
5075,5
5076,2
5077,3
5078,0
5079,8
5080,0
5081,0
5082,3
5083,5
5084,9
5085,0
5086,1
5087,0
5088,3
5089,0
5090,0
5091,0
5092,0
5093,0
5094,1
5095,0
5096,6
5097,1
5098,3
5099,1
5100,1
5101,4
5102,1
5103,0
5104,3
5105,4
5106,10
5107,1
5108,7
5109,4
5110,0
5111,0
5112,8
5113,2
5114,0
5115,3
5116,1
5117,1
5118,0
5119,0
5120,1
5121,0
5122,4
5123,3
5124,3
5125,2
5126,1
5127,0
5128,2
5129,1
5130,6
5131,2
5132,0
5133,3
5134,5
5135,4
5136,1
5137,0
5138,0
5139,2
5140,1
5141,1
5142,2
5143,7
5144,6
5145,7
5146,2
5147,0
5148,5
5149,9
5150,7
5151,5
5152,0
5153,3
5154,4
5155,1
5156,0
5157,1
5158,1
5159,0
5160,4
5161,2
5162,1
5163,4
5164,1
5165,7
5166,0
5167,0
5168,7
5169,5
5170,0
5171,1
5172,0
5173,4
5174,6
5175,0
5176,1
5177,2
5178,1
5179,5
5180,2
5181,0
5182,2
5183,2
5184,3
5185,3
5186,8
5187,5
5188,4
5189,4
5190,1
5191,16
5192,4
5193,4
5194,2
5195,4
5196,2
5197,3
5198,0
5199,4
5200,1
5201,1
5202,10
5203,1
5204,2
5205,1
5206,5
5207,0
5208,2
5209,0
5210,4
5211,0
5212,5
5213,6
5214,8
5215,0
5216,3
5217,2
5218,1
5219,0
5220,0
5221,0
5222,11
5223,6
5224,6
5225,1
5226,4
5227,0
5228,2
5229,1
5230,3
5231,0
5232,0
5233,2
5234,0
5235,4
5236,1
5237,0
5238,2
5239,2
5240,0
5241,5
5242,0
5243,1
5244,2
5245,0
5246,6
5247,3
5248,1
5249,1
5250,9
5251,4
5252,1
5253,9
5254,0
5255,4
5256,1
5257,1
5258,4
5259,2
5260,0
5261,4
5262,2
5263,1
5264,4
5265,0
5266,5
5267,6
5268,3
5269,0
5270,1
5271,4
5272,4
5273,2
5274,1
5275,2
5276,1
5277,2
5278,3
5279,2
5280,1
5281,1
5282,2
5283,4
5284,1
5285,1
5286,5
5287,6
5288,1
5289,1
5290,5
5291,1
5292,2
5293,2
5294,2
5295,1
5296,0
5297,2
5298,1
5299,1
5300,5
5301,0
5302,1
5303,1
5304,6
5305,1
5306,0
5307,3
5308,3
5309,1
5310,3
5311,1
5312,4
5313,0
5314,3
5315,2
5316,0
5317,3
5318,3
5319,0
5320,6
5321,2
5322,3
5323,6
5324,4
5325,7
5326,1
5327,3
5328,7
5329,8
5330,3
5331,0
5332,0
5333,6
5334,7
5335,2
5336,0
5337,1
5338,5
5339,6
5340,3
5341,7
5342,1
5343,3
5344,4
5345,2
5346,0
5347,2
5348,5
5349,0
5350,1
5351,3
5352,0
5353,0
5354,9
5355,0
5356,0
5357,0
5358,2
5359,5
5360,3
5361,0
5362,1
5363,5
5364,2
5365,5
5366,0
5367,1
5368,0
5369,2
5370,1
5371,2
5372,0
5373,4
5374,0
5375,1
5376,1
5377,1
5378,0
5379,1
5380,1
5381,4
5382,5
5383,1
5384,4
5385,5
5386,0
5387,3
5388,0
5389,0
5390,7
5391,1
5392,7
5393,0
5394,1
5395,1
5396,4
5397,0
5398,0
5399,2
5400,9
5401,2
5402,1
5403,0
5404,5
5405,0
5406,2
5407,5
5408,3
5409,3
5410,3
5411,0
5412,0
5413,2
5414,1
5415,2
5416,0
5417,3
5418,10
5419,0
5420,2
5421,1
5422,3
5423,2
5424,1
5425,8
5426,1
5427,0
5428,1
5429,1
5430,0
5431,2
5432,0
5433,0
5434,0
5435,3
5436,3
5437,10
5438,1
5439,4
5440,7
5441,0
5442,0
5443,3
5444,3
5445,1
5446,2
5447,0
5448,4
5449,11
5450,10
5451,1
5452,3
5453,0
5454,2
5455,2
5456,2
5457,5
5458,0
5459,1
5460,2
5461,1
5462,19
5463,0
5464,3
5465,5
5466,1
5467,0
5468,0
5469,0
5470,3
5471,2
5472,3
5473,0
5474,3
5475,1
5476,1
5477,5
5478,1
5479,5
5480,6
5481,0
5482,2
5483,1
5484,1
5485,0
5486,1
5487,0
5488,2
5489,1
5490,3
5491,1
5492,1
5493,0
5494,1
5495,0
5496,0
5497,0
5498,2
5499,2
5500,3
5501,5
5502,3
5503,11
5504,2
5505,5
5506,1
5507,7
5508,5
5509,0
5510,7
5511,0
5512,0
5513,0
5514,0
5515,4
5516,1
5517,1
5518,0
5519,2
5520,0
5521,5
5522,3
5523,0
5524,2
5525,0
5526,1
5527,0
5528,3
5529,5
5530,0
5531,4
5532,2
5533,2
5534,0
5535,0
5536,0
5537,1
5538,5
5539,1
5540,8
5541,5
5542,0
5543,2
5544,5
5545,1
5546,3
5547,12
5548,9
5549,2
5550,1
5551,3
5552,2
5553,17
5554,7
5555,1
5556,2
5557,0
5558,5
5559,1
5560,5
5561,1
5562,1
5563,2
5564,1
5565,0
5566,2
5567,3
5568,6
5569,5
5570,0
5571,2
5572,9
5573,3
5574,0
5575,3
5576,0
5577,9
5578,2
5579,2
5580,1
5581,10
5582,0
5583,6
5584,1
5585,0
5586,2
5587,3
5588,0
5589,0
5590,4
5591,1
5592,0
5593,1
5594,2
5595,1
5596,3
5597,0
5598,5
5599,2
5600,2
5601,1
5602,7
5603,1
5604,0
5605,0
5606,1
5607,1
5608,0
5609,2
5610,0
5611,3
5612,0
5613,0
5614,0
5615,3
5616,5
5617,0
5618,7
5619,0
5620,0
5621,0
5622,6
5623,7
5624,2
5625,5
5626,15
5627,3
5628,5
5629,5
5630,0
5631,0
5632,0
5633,3
5634,1
5635,4
5636,0
5637,2
5638,0
5639,1
5640,2
5641,0
5642,2
5643,1
5644,0
5645,3
5646,0
5647,6
5648,1
5649,5
5650,6
5651,0
5652,0
5653,4
5654,0
5655,2
5656,6
5657,8
5658,2
5659,0
5660,1
5661,0
5662,2
5663,0
5664,7
5665,2
5666,1
5667,0
5668,5
5669,2
5670,3
5671,1
5672,3
5673,1
5674,10
5675,6
5676,5
5677,3
5678,4
5679,0
5680,1
5681,0
5682,0
5683,0
5684,2
5685,9
5686,0
5687,6
5688,5
5689,1
5690,0
5691,3
5692,3
5693,1
5694,2
5695,4
5696,6
5697,0
5698,0
5699,1
5700,1
5701,2
5702,0
5703,4
5704,1
5705,2
5706,2
5707,2
5708,0
5709,0
5710,3
5711,3
5712,0
5713,1
5714,0
5715,1
5716,0
5717,0
5718,1
5719,1
5720,0
5721,4
5722,5
5723,1
5724,1
5725,0
5726,1
5727,0
5728,3
5729,3
5730,1
5731,1
5732,5
5733,2
5734,1
5735,1
5736,3
5737,1
5738,0
5739,2
5740,1
5741,4
5742,0
5743,8
5744,3
5745,0
5746,2
5747,3
5748,1
5749,0
5750,5
5751,2
5752,1
5753,0
5754,1
5755,19
5756,0
5757,6
5758,2
5759,3
5760,1
5761,3
5762,1
5763,0
5764,1
5765,0
5766,3
5767,3
5768,0
5769,3
5770,0
5771,0
5772,2
5773,1
5774,0
5775,0
5776,1
5777,2
5778,0
5779,0
5780,3
5781,1
5782,3
5783,0
5784,2
5785,2
5786,1
5787,14
5788,1
5789,2
5790,1
5791,1
5792,6
5793,1
5794,7
5795,11
5796,10
5797,0
5798,0
5799,3
5800,0
5801,0
5802,1
5803,4
5804,0
5805,3
5806,4
5807,2
5808,1
5809,5
5810,7
5811,2
5812,0
5813,4
5814,3
5815,0
5816,1
5817,8
5818,0
5819,3
5820,0
5821,2
5822,0
5823,4
5824,0
5825,5
5826,8
5827,1
5828,1
5829,1
5830,0
5831,3
5832,4
5833,0
5834,4
5835,8
5836,0
5837,3
5838,2
5839,1
5840,3
5841,0
5842,1
5843,0
5844,1
5845,11
5846,11
5847,2
5848,5
5849,0
5850,3
5851,0
5852,5
5853,2
5854,3
5855,0
5856,5
5857,0
5858,4
5859,9
5860,0
5861,4
5862,4
5863,1
5864,4
5865,1
5866,2
5867,1
5868,8
5869,5
5870,0
5871,1
5872,2
5873,1
5874,3
5875,0
5876,1
5877,0
5878,2
5879,2
5880,3
5881,0
5882,0
5883,0
5884,0
5885,1
5886,4
5887,0
5888,3
5889,5
5890,4
5891,3
5892,1
5893,1
5894,0
5895,2
5896,1
5897,1
5898,1
5899,1
5900,0
5901,2
5902,3
5903,5
5904,2
5905,0
5906,2
5907,0
5908,4
5909,2
5910,10
5911,10
5912,0
5913,0
5914,1
5915,3
5916,8
5917,0
5918,1
5919,0
5920,2
5921,1
5922,1
5923,0
5924,0
5925,0
5926,2
5927,0
5928,2
5929,1
5930,2
5931,0
5932,11
5933,0
5934,1
5935,8
5936,1
5937,2
5938,0
5939,1
5940,13
5941,2
5942,1
5943,1
5944,3
5945,0
5946,2
5947,2
5948,0
5949,0
5950,3
5951,4
5952,1
5953,0
5954,0
5955,0
5956,2
5957,0
5958,0
5959,3
5960,1
5961,0
5962,4
5963,3
5964,10
5965,3
5966,3
5967,4
5968,2
5969,3
5970,3
5971,4
5972,0
5973,0
5974,2
5975,1
5976,0
5977,0
5978,1
5979,2
5980,0
5981,4
5982,0
5983,0
5984,1
5985,0
5986,5
5987,9
5988,0
5989,0
5990,1
5991,0
5992,0
5993,1
5994,0
5995,4
5996,2
5997,2
5998,2
5999,0
6000,0
6001,0
6002,3
6003,2
6004,0
6005,2
6006,3
6007,1
6008,1
6009,2
6010,0
6011,1
6012,2
6013,12
6014,1
6015,0
6016,4
6017,0
6018,4
6019,2
6020,0
6021,0
6022,4
6023,0
6024,0
6025,0
6026,0
6027,0
6028,5
6029,0
6030,0
6031,0
6032,3
6033,0
6034,1
6035,4
6036,1
6037,0
6038,4
6039,2
6040,1
6041,3
6042,0
6043,1
6044,0
6045,1
6046,0
6047,4
6048,0
6049,0
6050,2
6051,2
6052,0
6053,2
6054,0
6055,1
6056,3
6057,2
6058,1
6059,3
6060,4
6061,2
6062,1
6063,4
6064,0
6065,1
6066,1
6067,0
6068,0
6069,6
6070,2
6071,1
6072,1
6073,3
6074,1
6075,1
6076,2
6077,0
6078,0
6079,0
6080,0
6081,1
6082,2
6083,3
6084,0
6085,5
6086,1
6087,2
6088,5
6089,0
6090,12
6091,2
6092,6
6093,1
6094,16
6095,1
6096,0
6097,2
6098,0
6099,1
6100,0
6101,2
6102,3
6103,0
6104,1
6105,0
6106,3
6107,2
6108,9
6109,2
6110,1
6111,0
6112,4
6113,8
6114,2
6115,8
6116,4
6117,4
6118,3
6119,2
6120,1
6121,3
6122,6
6123,0
6124,1
6125,5
6126,1
6127,3
6128,1
6129,1
6130,6
6131,0
6132,3
6133,0
6134,0
6135,0
6136,0
6137,3
6138,0
6139,0
6140,5
6141,0
6142,5
6143,0
6144,1
6145,0
6146,4
6147,2
6148,2
6149,0
6150,7
6151,0
6152,1
6153,0
6154,5
6155,1
6156,0
6157,2
6158,1
6159,0
6160,1
6161,1
6162,0
6163,0
6164,6
6165,3
6166,2
6167,5
6168,3
6169,5
6170,4
6171,1
6172,0
6173,1
6174,0
6175,6
6176,0
6177,1
6178,1
6179,2
6180,0
6181,5
6182,6
6183,0
6184,2
6185,0
6186,2
6187,10
6188,2
6189,8
6190,0
6191,0
6192,1
6193,2
6194,10
6195,0
6196,1
6197,0
6198,1
6199,2
6200,7
6201,0
6202,0
6203,0
6204,4
6205,0
6206,1
6207,1
6208,2
6209,11
6210,1
6211,5
6212,5
6213,0
6214,2
6215,0
6216,15
6217,0
6218,2
6219,3
6220,2
6221,0
6222,1
6223,4
6224,0
6225,4
6226,0
6227,1
6228,9
6229,3
6230,2
6231,0
6232,1
6233,4
6234,2
6235,0
6236,2
6237,1
6238,3
6239,2
6240,3
6241,0
6242,1
6243,6
6244,0
6245,0
6246,5
6247,7
6248,2
6249,0
6250,0
6251,0
6252,3
6253,0
6254,9
6255,4
6256,3
6257,1
6258,0
6259,0
6260,0
6261,10
6262,2
6263,0
6264,0
6265,2
6266,5
6267,20
6268,2
6269,1
6270,5
6271,3
6272,1
6273,0
6274,2
6275,8
6276,5
6277,1
6278,1
6279,1
6280,1
6281,0
6282,5
6283,0
6284,2
6285,9
6286,2
6287,3
6288,1
6289,4
6290,0
6291,1
6292,4
6293,0
6294,2
6295,0
6296,4
6297,5
6298,0
6299,2
6300,5
6301,1
6302,3
6303,0
6304,0
6305,0
6306,1
6307,2
6308,2
6309,15
6310,1
6311,1
6312,5
6313,1
6314,0
6315,0
6316,0
6317,0
6318,9
6319,1
6320,6
6321,1
6322,5
6323,0
6324,0
6325,0
6326,1
6327,0
6328,0
6329,7
6330,4
6331,5
6332,4
6333,2
6334,1
6335,2
6336,1
6337,1
6338,1
6339,3
6340,0
6341,6
6342,0
6343,0
6344,4
6345,0
6346,0
6347,2
6348,1
6349,0
6350,1
6351,4
6352,5
6353,0
6354,4
6355,0
6356,1
6357,0
6358,3
6359,0
6360,0
6361,0
6362,0
6363,1
6364,1
6365,3
6366,2
6367,4
6368,0
6369,11
6370,3
6371,1
6372,4
6373,3
6374,1
6375,0
6376,1
6377,4
6378,1
6379,4
6380,2
6381,0
6382,5
6383,2
6384,7
6385,1
6386,1
6387,3
6388,3
6389,1
6390,1
6391,2
6392,4
6393,0
6394,1
6395,0
6396,3
6397,1
6398,11
6399,1
6400,4
6401,2
6402,0
6403,4
6404,3
6405,1
6406,1
6407,3
6408,2
6409,1
6410,1
6411,6
6412,1
6413,1
6414,0
6415,0
6416,0
6417,2
6418,5
6419,0
6420,1
6421,0
6422,1
6423,1
6424,3
6425,2
6426,3
6427,0
6428,1
6429,5
6430,3
6431,3
6432,5
6433,3
6434,8
6435,0
6436,5
6437,1
6438,0
6439,0
6440,0
6441,0
6442,10
6443,5
6444,8
6445,4
6446,1
6447,2
6448,2
6449,4
6450,5
6451,1
6452,0
6453,0
6454,2
6455,0
6456,4
6457,1
6458,0
6459,0
6460,0
6461,9
6462,0
6463,2
6464,0
6465,6
6466,0
6467,0
6468,0
6469,8
6470,5
6471,3
6472,5
6473,7
6474,4
6475,5
6476,1
6477,0
6478,0
6479,2
6480,4
6481,1
6482,1
6483,6
6484,2
6485,0
6486,7
6487,5
6488,3
6489,1
6490,5
6491,0
6492,1
6493,1
6494,2
6495,1
6496,3
6497,0
6498,6
6499,3
6500,9
6501,0
6502,1
6503,0
6504,2
6505,1
6506,4
6507,0
6508,5
6509,11
6510,3
6511,0
6512,0
6513,1
6514,1
6515,3
6516,6
6517,1
6518,1
6519,0
6520,1
6521,1
6522,0
6523,0
6524,1
6525,8
6526,4
6527,0
6528,3
6529,2
6530,1
6531,1
6532,0
6533,2
6534,2
6535,0
6536,0
6537,0
6538,0
6539,0
6540,2
6541,0
6542,1
6543,3
6544,1
6545,0
6546,1
6547,2
6548,2
6549,0
6550,3
6551,13
6552,8
6553,1
6554,1
6555,0
6556,0
6557,1
6558,1
6559,5
6560,3
6561,5
6562,0
6563,5
6564,2
6565,6
6566,1
6567,1
6568,3
6569,1
6570,0
6571,0
6572,1
6573,3
6574,0
6575,7
6576,3
6577,1
6578,0
6579,7
6580,0
6581,3
6582,1
6583,0
6584,3
6585,2
6586,5
6587,11
6588,0
6589,2
6590,0
6591,3
6592,6
6593,2
6594,0
6595,2
6596,2
6597,2
6598,2
6599,0
6600,1
6601,0
6602,1
6603,2
6604,2
6605,1
6606,3
6607,0
6608,3
6609,0
6610,1
6611,5
6612,3
6613,1
6614,1
6615,0
6616,3
6617,5
6618,6
6619,1
6620,1
6621,1
6622,6
6623,2
6624,5
6625,1
6626,1
6627,1
6628,2
6629,0
6630,0
6631,1
6632,2
6633,2
6634,0
6635,2
6636,0
6637,4
6638,2
6639,2
6640,1
6641,4
6642,3
6643,1
6644,0
6645,7
6646,0
6647,1
6648,1
6649,1
6650,0
6651,2
6652,1
6653,0
6654,2
6655,0
6656,8
6657,8
6658,2
6659,5
6660,4
6661,1
6662,1
6663,4
6664,0
6665,6
6666,2
6667,2
6668,1
6669,0
6670,1
6671,0
6672,1
6673,3
6674,8
6675,1
6676,2
6677,1
6678,5
6679,0
6680,10
6681,2
6682,5
6683,1
6684,2
6685,2
6686,0
6687,1
6688,2
6689,1
6690,0
6691,1
6692,0
6693,7
6694,1
6695,2
6696,5
6697,1
6698,2
6699,3
6700,0
6701,2
6702,2
6703,4
6704,5
6705,5
6706,1
6707,3
6708,1
6709,0
6710,3
6711,2
6712,0
6713,1
6714,0
6715,9
6716,15
6717,2
6718,4
6719,0
6720,2
6721,1
6722,4
6723,9
6724,5
6725,1
6726,3
6727,0
6728,3
6729,0
6730,8
6731,0
6732,1
6733,2
6734,6
6735,2
6736,11
6737,9
6738,0
6739,0
6740,0
6741,3
6742,0
6743,3
6744,1
6745,0
6746,2
6747,1
6748,0
6749,2
6750,1
6751,0
6752,1
6753,0
6754,2
6755,0
6756,1
6757,2
6758,1
6759,2
6760,0
6761,1
6762,1
6763,4
6764,2
6765,5
6766,0
6767,5
6768,2
6769,7
6770,1
6771,7
6772,3
6773,1
6774,2
6775,1
6776,2
6777,4
6778,1
6779,0
6780,1
6781,6
6782,0
6783,1
6784,2
6785,2
6786,2
6787,7
6788,2
6789,1
6790,1
6791,2
6792,1
6793,1
6794,0
6795,1
6796,1
6797,0
6798,0
6799,5
6800,8
6801,1
6802,7
6803,4
6804,0
6805,1
6806,2
6807,3
6808,4
6809,0
6810,12
6811,1
6812,0
6813,0
6814,2
6815,2
6816,2
6817,1
6818,4
6819,3
6820,8
6821,0
6822,1
6823,0
6824,0
6825,11
6826,1
6827,1
6828,1
6829,2
6830,1
6831,0
6832,1
6833,0
6834,0
6835,8
6836,1
6837,1
6838,9
6839,6
6840,1
6841,2
6842,0
6843,3
6844,15
6845,3
6846,1
6847,5
6848,11
6849,3
6850,4
6851,1
6852,2
6853,0
6854,6
6855,0
6856,6
6857,3
6858,1
6859,2
6860,0
6861,0
6862,1
6863,6
6864,1
6865,0
6866,3
6867,1
6868,6
6869,0
6870,1
6871,0
6872,2
6873,3
6874,11
6875,3
6876,10
6877,1
6878,1
6879,0
6880,4
6881,2
6882,4
6883,0
6884,3
6885,2
6886,4
6887,0
6888,2
6889,7
6890,1
6891,2
6892,2
6893,7
6894,3
6895,0
6896,1
6897,3
6898,5
6899,1
6900,0
6901,0
6902,2
6903,3
6904,1
6905,1
6906,3
6907,0
6908,3
6909,7
6910,2
6911,7
6912,3
6913,0
6914,1
6915,2
6916,0
6917,2
6918,0
6919,8
6920,0
6921,0
6922,0
6923,0
6924,0
6925,3
6926,9
6927,3
6928,7
6929,0
6930,0
6931,0
6932,1
6933,5
6934,6
6935,1
6936,1
6937,2
6938,1
6939,1
6940,10
6941,1
6942,9
6943,0
6944,1
6945,0
6946,6
6947,1
6948,1
6949,0
6950,2
6951,0
6952,0
6953,3
6954,1
6955,0
6956,0
6957,0
6958,1
6959,4
6960,4
6961,0
6962,0
6963,3
6964,8
6965,0
6966,2
6967,3
6968,11
6969,0
6970,3
6971,0
6972,0
6973,2
6974,1
6975,1
6976,0
6977,8
6978,3
6979,0
6980,2
6981,0
6982,2
6983,16
6984,1
6985,0
6986,3
6987,1
6988,1
6989,1
6990,5
6991,3
6992,1
6993,4
6994,3
6995,5
6996,0
6997,1
6998,1
6999,2
7000,1
7001,3
7002,0
7003,1
7004,2
7005,0
7006,0
7007,0
7008,0
7009,12
7010,9
7011,7
7012,1
7013,0
7014,3
7015,0
7016,3
7017,0
7018,0
7019,3
7020,0
7021,2
7022,5
7023,0
7024,2
7025,0
7026,9
7027,3
7028,1
7029,1
7030,2
7031,2
7032,2
7033,4
7034,1
7035,6
7036,1
7037,9
7038,2
7039,0
7040,4
7041,2
7042,4
7043,1
7044,1
7045,1
7046,1
7047,1
7048,2
7049,0
7050,0
7051,3
7052,2
7053,0
7054,2
7055,0
7056,7
7057,3
7058,2
7059,5
7060,4
7061,2
7062,0
7063,2
7064,0
7065,1
7066,8
7067,7
7068,2
7069,0
7070,1
7071,3
7072,1
7073,0
7074,4
7075,1
7076,7
7077,3
7078,3
7079,0
7080,2
7081,0
7082,2
7083,2
7084,1
7085,2
7086,0
7087,0
7088,1
7089,2
7090,5
7091,6
7092,2
7093,2
7094,5
7095,4
7096,1
7097,1
7098,1
7099,8
7100,1
7101,0
7102,2
7103,1
7104,1
7105,2
7106,0
7107,1
7108,1
7109,0
7110,1
7111,0
7112,5
7113,1
7114,4
7115,7
7116,6
7117,0
7118,5
7119,5
7120,3
7121,0
7122,1
7123,0
7124,4
7125,2
7126,1
7127,3
7128,0
7129,0
7130,5
7131,1
7132,1
7133,0
7134,0
7135,9
7136,0
7137,0
7138,0
7139,1
7140,2
7141,0
7142,2
7143,1
7144,0
7145,0
7146,3
7147,6
7148,3
7149,3
7150,2
7151,4
7152,0
7153,1
7154,1
7155,0
7156,0
7157,1
7158,0
7159,2
7160,3
7161,0
7162,3
7163,1
7164,3
7165,4
7166,10
7167,2
7168,4
7169,0
7170,0
7171,1
7172,0
7173,0
7174,0
7175,2
7176,1
7177,1
7178,1
7179,1
7180,1
7181,4
7182,3
7183,0
7184,3
7185,4
7186,6
7187,1
7188,9
7189,2
7190,4
7191,6
7192,1
7193,0
7194,0
7195,1
7196,2
7197,0
7198,3
7199,2
7200,0
7201,0
7202,0
7203,1
7204,2
7205,3
7206,5
7207,6
7208,3
7209,0
7210,0
7211,1
7212,0
7213,2
7214,0
7215,1
7216,0
7217,5
7218,6
7219,2
7220,5
7221,4
7222,1
7223,0
7224,3
7225,1
7226,0
7227,7
7228,2
7229,12
7230,2
7231,9
7232,8
7233,3
7234,0
7235,1
7236,5
7237,7
7238,4
7239,0
7240,4
7241,9
7242,3
7243,1
7244,9
7245,1
7246,4
7247,1
7248,1
7249,0
7250,1
7251,3
7252,3
7253,0
7254,7
7255,2
7256,0
7257,4
7258,1
7259,1
7260,3
7261,10
7262,3
7263,3
7264,0
7265,1
7266,3
7267,8
7268,0
7269,1
7270,4
7271,9
7272,0
7273,4
7274,14
7275,1
7276,0
7277,1
7278,6
7279,4
7280,0
7281,2
7282,0
7283,1
7284,0
7285,1
7286,0
7287,4
7288,5
7289,2
7290,0
7291,1
7292,2
7293,7
7294,0
7295,6
7296,0
7297,0
7298,2
7299,20
7300,1
7301,0
7302,6
7303,6
7304,2
7305,2
7306,6
7307,0
7308,7
7309,1
7310,6
7311,2
7312,1
7313,14
7314,0
7315,1
7316,5
7317,2
7318,2
7319,4
7320,3
7321,0
7322,1
7323,3
7324,0
7325,0
7326,3
7327,0
7328,2
7329,2
7330,0
7331,0
7332,3
7333,3
7334,0
7335,0
7336,3
7337,0
7338,0
7339,1
7340,5
7341,4
7342,0
7343,1
7344,1
7345,1
7346,2
7347,3
7348,2
7349,0
7350,1
7351,0
7352,0
7353,1
7354,0
7355,2
7356,7
7357,3
7358,0
7359,0
7360,0
7361,3
7362,4
7363,10
7364,6
7365,0
7366,1
7367,13
7368,2
7369,0
7370,5
7371,1
7372,8
7373,1
7374,0
7375,3
7376,1
7377,0
7378,1
7379,0
7380,0
7381,7
7382,2
7383,0
7384,0
7385,3
7386,0
7387,3
7388,7
7389,2
7390,0
7391,1
7392,8
7393,0
7394,1
7395,0
7396,7
7397,11
7398,2
7399,1
7400,1
7401,1
7402,1
7403,0
7404,1
7405,4
7406,0
7407,1
7408,1
7409,0
7410,16
7411,1
7412,1
7413,0
7414,3
7415,0
7416,9
7417,1
7418,1
7419,1
7420,0
7421,3
7422,2
7423,4
7424,10
7425,0
7426,2
7427,1
7428,1
7429,1
7430,10
7431,5
7432,2
7433,3
7434,0
7435,0
7436,2
7437,1
7438,4
7439,0
7440,1
7441,5
7442,3
7443,1
7444,7
7445,3
7446,1
7447,0
7448,5
7449,1
7450,0
7451,1
7452,5
7453,13
7454,7
7455,0
7456,1
7457,4
7458,6
7459,0
7460,0
7461,3
7462,8
7463,0
7464,1
7465,14
7466,0
7467,1
7468,9
7469,8
7470,2
7471,0
7472,0
7473,0
7474,0
7475,3
7476,5
7477,0
7478,0
7479,1
7480,8
7481,0
7482,7
7483,18
7484,4
7485,0
7486,1
7487,0
7488,2
7489,5
7490,4
7491,5
7492,0
7493,3
7494,2
7495,3
7496,3
7497,7
7498,1
7499,3
7500,9
7501,6
7502,2
7503,0
7504,0
7505,1
7506,14
7507,1
7508,3
7509,2
7510,1
7511,6
7512,1
7513,1
7514,0
7515,0
7516,2
7517,0
7518,0
7519,3
7520,0
7521,1
7522,2
7523,1
7524,0
7525,0
7526,3
7527,0
7528,2
7529,2
7530,2
7531,2
7532,7
7533,11
7534,2
7535,0
7536,1
7537,1
7538,3
7539,3
7540,3
7541,0
7542,0
7543,0
7544,1
7545,13
7546,1
7547,2
7548,2
7549,0
7550,0
7551,1
7552,0
7553,1
7554,0
7555,4
7556,5
7557,0
7558,0
7559,2
7560,0
7561,7
7562,0
7563,2
7564,2
7565,0
7566,2
7567,1
7568,1
7569,1
7570,1
7571,0
7572,3
7573,0
7574,3
7575,2
7576,3
7577,1
7578,0
7579,0
7580,0
7581,8
7582,3
7583,2
7584,1
7585,0
7586,0
7587,1
7588,3
7589,2
7590,0
7591,2
7592,0
7593,0
7594,2
7595,5
7596,3
7597,0
7598,4
7599,0
7600,5
7601,1
7602,0
7603,4
7604,1
7605,2
7606,3
7607,0
7608,0
7609,0
7610,0
7611,0
7612,4
7613,2
7614,2
7615,1
7616,1
7617,2
7618,0
7619,0
7620,0
7621,0
7622,4
7623,0
7624,0
7625,0
7626,0
7627,2
7628,6
7629,2
7630,4
7631,0
7632,0
7633,0
7634,11
7635,1
7636,2
7637,1
7638,0
7639,0
7640,2
7641,2
7642,4
7643,2
7644,1
7645,0
7646,1
7647,4
7648,2
7649,1
7650,0
7651,0
7652,3
7653,1
7654,3
7655,3
7656,0
7657,0
7658,2
7659,4
7660,5
7661,2
7662,0
7663,4
7664,1
7665,1
7666,0
7667,0
7668,3
7669,6
7670,3
7671,4
7672,3
7673,0
7674,3
7675,5
7676,5
7677,5
7678,5
7679,2
7680,2
7681,7
7682,0
7683,0
7684,3
7685,1
7686,2
7687,6
7688,1
7689,0
7690,0
7691,0
7692,13
7693,4
7694,1
7695,2
7696,3
7697,1
7698,2
7699,3
7700,0
7701,5
7702,0
7703,0
7704,1
7705,2
7706,3
7707,7
7708,0
7709,0
7710,0
7711,0
7712,3
7713,4
7714,0
7715,1
7716,5
7717,4
7718,4
7719,0
7720,6
7721,1
7722,2
7723,3
7724,4
7725,1
7726,0
7727,0
7728,3
7729,0
7730,3
7731,0
7732,14
7733,0
7734,0
7735,1
7736,7
7737,0
7738,0
7739,7
7740,3
7741,4
7742,9
7743,0
7744,6
7745,1
7746,0
7747,4
7748,3
7749,6
7750,1
7751,0
7752,0
7753,6
7754,2
7755,0
7756,1
7757,3
7758,0
7759,2
7760,1
7761,0
7762,0
7763,2
7764,0
7765,5
7766,1
7767,4
7768,0
7769,1
7770,0
7771,1
7772,2
7773,1
7774,0
7775,0
7776,0
7777,4
7778,1
7779,1
7780,5
7781,4
7782,1
7783,0
7784,2
7785,3
7786,0
7787,0
7788,4
7789,4
7790,3
7791,1
7792,1
7793,0
7794,1
7795,0
7796,0
7797,0
7798,3
7799,1
7800,3
7801,2
7802,1
7803,2
7804,9
7805,0
7806,0
7807,0
7808,1
7809,1
7810,7
7811,1
7812,0
7813,0
7814,0
7815,2
7816,2
7817,3
7818,1
7819,0
7820,9
7821,0
7822,3
7823,0
7824,5
7825,0
7826,1
7827,9
7828,0
7829,1
7830,2
7831,4
7832,2
7833,5
7834,2
7835,2
7836,2
7837,2
7838,2
7839,1
7840,0
7841,0
7842,8
7843,11
7844,3
7845,0
7846,2
7847,0
7848,2
7849,7
7850,2
7851,0
7852,3
7853,0
7854,3
7855,6
7856,0
7857,5
7858,0
7859,1
7860,6
7861,0
7862,0
7863,1
7864,0
7865,0
7866,2
7867,0
7868,0
7869,3
7870,1
7871,1
7872,2
7873,5
7874,3
7875,0
7876,2
7877,1
7878,2
7879,1
7880,1
7881,5
7882,6
7883,7
7884,0
7885,0
7886,2
7887,3
7888,4
7889,2
7890,5
7891,2
7892,1
7893,0
7894,5
7895,0
7896,7
7897,0
7898,3
7899,0
7900,3
7901,0
7902,2
7903,0
7904,8
7905,3
7906,11
7907,0
7908,0
7909,1
7910,6
7911,0
7912,3
7913,4
7914,3
7915,7
7916,11
7917,5
7918,2
7919,4
7920,0
7921,0
7922,1
7923,2
7924,2
7925,1
7926,2
7927,0
7928,1
7929,0
7930,0
7931,0
7932,4
7933,5
7934,3
7935,2
7936,2
7937,1
7938,1
7939,4
7940,0
7941,0
7942,1
7943,1
7944,1
7945,3
7946,1
7947,6
7948,0
7949,2
7950,0
7951,1
7952,0
7953,2
7954,10
7955,8
7956,1
7957,2
7958,7
7959,1
7960,2
7961,2
7962,0
7963,1
7964,0
7965,0
7966,0
7967,5
7968,3
7969,6
7970,0
7971,1
7972,4
7973,2
7974,0
7975,6
7976,0
7977,0
7978,3
7979,5
7980,16
7981,2
7982,1
7983,0
7984,1
7985,0
7986,2
7987,0
7988,1
7989,0
7990,9
7991,2
7992,2
7993,1
7994,3
7995,1
7996,3
7997,4
7998,1
7999,2
8000,1
8001,4
8002,6
8003,1
8004,1
8005,8
8006,2
8007,5
8008,7
8009,4
8010,5
8011,0
8012,2
8013,1
8014,0
8015,10
8016,0
8017,3
8018,2
8019,2
8020,0
8021,8
8022,8
8023,0
8024,3
8025,0
8026,2
8027,4
8028,1
8029,0
8030,2
8031,0
8032,4
8033,3
8034,1
8035,2
8036,5
8037,2
8038,11
8039,1
8040,2
8041,0
8042,2
8043,4
8044,0
8045,1
8046,3
8047,0
8048,1
8049,1
8050,7
8051,2
8052,2
8053,5
8054,4
8055,0
8056,4
8057,1
8058,2
8059,2
8060,1
8061,3
8062,0
8063,0
8064,4
8065,7
8066,2
8067,0
8068,1
8069,1
8070,1
8071,0
8072,1
8073,0
8074,0
8075,7
8076,2
8077,0
8078,2
8079,3
8080,0
8081,8
8082,7
8083,0
8084,8
8085,1
8086,0
8087,0
8088,4
8089,1
8090,0
8091,1
8092,15
8093,2
8094,3
8095,0
8096,2
8097,8
8098,4
8099,2
8100,2
8101,3
8102,5
8103,1
8104,0
8105,0
8106,4
8107,0
8108,2
8109,1
8110,1
8111,2
8112,0
8113,0
8114,2
8115,1
8116,4
8117,4
8118,0
8119,6
8120,3
8121,6
8122,0
8123,0
8124,4
8125,0
8126,1
8127,10
8128,0
8129,3
8130,5
8131,0
8132,0
8133,9
8134,1
8135,4
8136,6
8137,6
8138,1
8139,8
8140,1
8141,0
8142,3
8143,4
8144,1
8145,1
8146,4
8147,0
8148,2
8149,9
8150,1
8151,2
8152,5
8153,1
8154,1
8155,0
8156,2
8157,8
8158,0
8159,3
8160,4
8161,2
8162,3
8163,0
8164,0
8165,0
8166,0
8167,7
8168,1
8169,0
8170,5
8171,0
8172,0
8173,1
8174,1
8175,0
8176,2
8177,0
8178,4
8179,0
8180,0
8181,3
8182,1
8183,2
8184,1
8185,0
8186,2
8187,0
8188,0
8189,2
8190,9
8191,0
8192,3
8193,1
8194,0
8195,4
8196,3
8197,0
8198,14
8199,6
8200,8
8201,0
8202,3
8203,4
8204,2
8205,2
8206,1
8207,1
8208,7
8209,0
8210,0
8211,2
8212,1
8213,4
8214,2
8215,2
8216,0
8217,2
8218,0
8219,4
8220,0
8221,0
8222,7
8223,0
8224,1
8225,3
8226,1
8227,0
8228,2
8229,3
8230,2
8231,2
8232,4
8233,2
8234,0
8235,0
8236,1
8237,6
8238,7
8239,1
8240,0
8241,2
8242,2
8243,4
8244,1
8245,3
8246,7
8247,2
8248,2
8249,0
8250,5
8251,0
8252,0
8253,3
8254,8
8255,1
8256,1
8257,2
8258,3
8259,0
8260,2
8261,1
8262,8
8263,2
8264,8
8265,1
8266,0
8267,5
8268,6
8269,0
8270,0
8271,3
8272,0
8273,3
8274,4
8275,12
8276,10
8277,0
8278,2
8279,5
8280,1
8281,2
8282,4
8283,2
8284,7
8285,6
8286,1
8287,1
8288,2
8289,1
8290,2
8291,1
8292,2
8293,6
8294,0
8295,1
8296,1
8297,0
8298,1
8299,0
8300,2
8301,0
8302,0
8303,7
8304,6
8305,6
8306,0
8307,0
8308,3
8309,2
8310,6
8311,0
8312,2
8313,0
8314,0
8315,0
8316,0
8317,1
8318,3
8319,0
8320,4
8321,1
8322,0
8323,2
8324,3
8325,2
8326,1
8327,0
8328,3
8329,8
8330,2
8331,0
8332,0
8333,6
8334,0
8335,0
8336,0
8337,5
8338,1
8339,3
8340,1
8341,0
8342,5
8343,2
8344,4
8345,0
8346,6
8347,3
8348,5
8349,0
8350,1
8351,1
8352,0
8353,2
8354,0
8355,2
8356,0
8357,2
8358,3
8359,4
8360,10
8361,2
8362,0
8363,3
8364,5
8365,1
8366,0
8367,0
8368,1
8369,0
8370,2
8371,6
8372,0
8373,4
8374,0
8375,3
8376,2
8377,3
8378,0
8379,4
8380,2
8381,0
8382,4
8383,0
8384,1
8385,2
8386,4
8387,5
8388,6
8389,0
8390,1
8391,0
8392,1
8393,0
8394,4
8395,0
8396,0
8397,2
8398,1
8399,1
8400,1
8401,4
8402,2
8403,2
8404,2
8405,3
8406,3
8407,2
8408,0
8409,0
8410,1
8411,0
8412,2
8413,1
8414,0
8415,0
8416,0
8417,0
8418,3
8419,3
8420,0
8421,1
8422,3
8423,1
8424,0
8425,0
8426,2
8427,1
8428,2
8429,5
8430,11
8431,8
8432,6
8433,0
8434,0
8435,0
8436,9
8437,0
8438,0
8439,8
8440,6
8441,4
8442,6
8443,1
8444,0
8445,0
8446,2
8447,8
8448,1
8449,0
8450,0
8451,4
8452,0
8453,2
8454,4
8455,0
8456,2
8457,1
8458,0
8459,1
8460,1
8461,0
8462,2
8463,0
8464,1
8465,6
8466,0
8467,0
8468,0
8469,1
8470,2
8471,2
8472,0
8473,5
8474,4
8475,0
8476,0
8477,3
8478,0
8479,8
8480,0
8481,1
8482,0
8483,0
8484,1
8485,0
8486,2
8487,2
8488,0
8489,0
8490,1
8491,1
8492,9
8493,0
8494,3
8495,6
8496,0
8497,1
8498,3
8499,2
8500,1
8501,9
8502,7
8503,4
8504,1
8505,0
8506,1
8507,1
8508,4
8509,0
8510,0
8511,7
8512,2
8513,1
8514,0
8515,1
8516,6
8517,3
8518,1
8519,4
8520,2
8521,5
8522,2
8523,1
8524,1
8525,2
8526,2
8527,1
8528,4
8529,1
8530,3
8531,0
8532,0
8533,4
8534,1
8535,0
8536,3
8537,4
8538,0
8539,6
8540,5
8541,4
8542,6
8543,3
8544,2
8545,1
8546,1
8547,3
8548,1
8549,9
8550,1
8551,5
8552,0
8553,3
8554,5
8555,5
8556,0
8557,2
8558,0
8559,2
8560,4
8561,0
8562,4
8563,5
8564,6
8565,3
8566,3
8567,3
8568,6
8569,0
8570,1
8571,0
8572,2
8573,4
8574,2
8575,0
8576,3
8577,3
8578,3
8579,4
8580,6
8581,1
8582,3
8583,0
8584,0
8585,0
8586,2
8587,1
8588,0
8589,4
8590,2
8591,0
8592,5
8593,0
8594,2
8595,5
8596,5
8597,3
8598,1
8599,7
8600,5
8601,9
8602,3
8603,5
8604,6
8605,2
8606,4
8607,0
8608,0
8609,0
8610,4
8611,1
8612,3
8613,1
8614,0
8615,5
8616,1
8617,1
8618,1
8619,0
8620,1
8621,9
8622,0
8623,3
8624,4
8625,5
8626,0
8627,0
8628,6
8629,4
8630,2
8631,2
8632,0
8633,1
8634,1
8635,3
8636,4
8637,8
8638,0
8639,0
8640,2
8641,1
8642,1
8643,3
8644,3
8645,6
8646,7
8647,0
8648,2
8649,0
8650,1
8651,2
8652,0
8653,0
8654,3
8655,2
8656,6
8657,0
8658,0
8659,1
8660,1
8661,4
8662,6
8663,0
8664,13
8665,1
8666,1
8667,0
8668,1
8669,7
8670,2
8671,2
8672,1
8673,0
8674,0
8675,5
8676,5
8677,2
8678,0
8679,2
8680,0
8681,4
8682,6
8683,0
8684,0
8685,3
8686,0
8687,0
8688,4
8689,5
8690,1
8691,0
8692,0
8693,5
8694,0
8695,3
8696,4
8697,4
8698,1
8699,3
8700,2
8701,2
8702,3
8703,2
8704,0
8705,3
8706,0
8707,0
8708,2
8709,0
8710,2
8711,2
8712,4
8713,0
8714,0
8715,0
8716,0
8717,1
8718,8
8719,2
8720,2
8721,0
8722,4
8723,0
8724,0
8725,13
8726,0
8727,3
8728,11
8729,0
8730,4
8731,5
8732,0
8733,0
8734,0
8735,4
8736,0
8737,2
8738,0
8739,4
8740,5
8741,0
8742,2
8743,5
8744,4
8745,1
8746,2
8747,0
8748,0
8749,0
8750,1
8751,0
8752,0
8753,0
8754,2
8755,1
8756,1
8757,4
8758,3
8759,8
8760,2
8761,3
8762,0
8763,3
8764,0
8765,1
8766,6
8767,0
8768,0
8769,3
8770,1
8771,2
8772,5
8773,0
8774,0
8775,0
8776,1
8777,1
8778,4
8779,0
8780,3
8781,3
8782,5
8783,0
8784,1
8785,1
8786,1
8787,0
8788,3
8789,0
8790,0
8791,5
8792,2
8793,5
8794,2
8795,0
8796,4
8797,10
8798,0
8799,1
8800,3
8801,10
8802,2
8803,0
8804,2
8805,0
8806,0
8807,2
8808,6
8809,1
8810,0
8811,2
8812,3
8813,1
8814,5
8815,0
8816,0
8817,5
8818,11
8819,1
8820,0
8821,0
8822,0
8823,0
8824,8
8825,9
8826,1
8827,1
8828,2
8829,3
8830,0
8831,1
8832,2
8833,0
8834,0
8835,0
8836,1
8837,10
8838,6
8839,0
8840,1
8841,2
8842,1
8843,2
8844,1
8845,2
8846,2
8847,0
8848,5
8849,0
8850,2
8851,1
8852,10
8853,0
8854,2
8855,0
8856,10
8857,0
8858,1
8859,0
8860,2
8861,3
8862,1
8863,3
8864,1
8865,1
8866,1
8867,0
8868,9
8869,0
8870,0
8871,7
8872,7
8873,9
8874,4
8875,0
8876,3
8877,1
8878,1
8879,0
8880,1
8881,4
8882,6
8883,1
8884,6
8885,3
8886,7
8887,1
8888,2
8889,15
8890,1
8891,2
8892,0
8893,2
8894,12
8895,5
8896,2
8897,5
8898,5
8899,4
8900,2
8901,7
8902,0
8903,4
8904,2
8905,10
8906,16
8907,5
8908,0
8909,0
8910,7
8911,7
8912,0
8913,0
8914,6
8915,1
8916,2
8917,0
8918,1
8919,1
8920,0
8921,4
8922,19
8923,2
8924,0
8925,3
8926,1
8927,4
8928,1
8929,2
8930,4
8931,3
8932,1
8933,2
8934,1
8935,1
8936,0
8937,2
8938,3
8939,0
8940,1
8941,1
8942,0
8943,1
8944,2
8945,0
8946,2
8947,3
8948,1
8949,2
8950,0
8951,2
8952,3
8953,2
8954,2
8955,0
8956,0
8957,1
8958,1
8959,1
8960,0
8961,2
8962,7
8963,0
8964,5
8965,0
8966,8
8967,0
8968,10
8969,3
8970,4
8971,3
8972,5
8973,11
8974,1
8975,3
8976,0
8977,0
8978,0
8979,3
8980,0
8981,2
8982,6
8983,5
8984,0
8985,2
8986,0
8987,1
8988,1
8989,6
8990,4
8991,4
8992,2
8993,0
8994,1
8995,7
8996,0
8997,5
8998,1
8999,0
9000,4
9001,3
9002,2
9003,1
9004,0
9005,2
9006,5
9007,4
9008,4
9009,0
9010,2
9011,2
9012,1
9013,2
9014,2
9015,3
9016,3
9017,1
9018,1
9019,0
9020,4
9021,0
9022,1
9023,2
9024,2
9025,1
9026,7
9027,0
9028,0
9029,0
9030,0
9031,12
9032,6
9033,3
9034,2
9035,10
9036,5
9037,1
9038,0
9039,2
9040,0
9041,5
9042,13
9043,6
9044,1
9045,0
9046,8
9047,1
9048,1
9049,3
9050,0
9051,1
9052,3
9053,2
9054,1
9055,7
9056,0
9057,2
9058,0
9059,1
9060,0
9061,1
9062,0
9063,1
9064,4
9065,3
9066,4
9067,2
9068,0
9069,2
9070,1
9071,0
9072,4
9073,5
9074,2
9075,1
9076,0
9077,1
9078,0
9079,5
9080,3
9081,2
9082,3
9083,5
9084,0
9085,4
9086,1
9087,5
9088,0
9089,1
9090,0
9091,0
9092,1
9093,0
9094,0
9095,11
9096,5
9097,3
9098,2
9099,8
9100,1
9101,0
9102,1
9103,3
9104,1
9105,3
9106,0
9107,0
9108,8
9109,0
9110,1
9111,0
9112,2
9113,0
9114,6
9115,1
9116,2
9117,0
9118,4
9119,1
9120,5
9121,0
9122,0
9123,0
9124,1
9125,1
9126,2
9127,2
9128,0
9129,1
9130,1
9131,4
9132,3
9133,7
9134,0
9135,0
9136,4
9137,1
9138,7
9139,5
9140,4
9141,4
9142,0
9143,0
9144,6
9145,4
9146,10
9147,0
9148,2
9149,3
9150,9
9151,1
9152,4
9153,8
9154,0
9155,2
9156,10
9157,0
9158,6
9159,6
9160,0
9161,0
9162,0
9163,2
9164,2
9165,0
9166,8
9167,3
9168,6
9169,4
9170,3
9171,2
9172,3
9173,4
9174,11
9175,0
9176,4
9177,2
9178,4
9179,3
9180,6
9181,6
9182,2
9183,3
9184,1
9185,0
9186,3
9187,1
9188,1
9189,0
9190,3
9191,4
9192,2
9193,1
9194,1
9195,6
9196,2
9197,7
9198,1
9199,2
9200,2
9201,10
9202,1
9203,0
9204,0
9205,1
9206,0
9207,0
9208,1
9209,1
9210,9
9211,4
9212,4
9213,1
9214,3
9215,3
9216,1
9217,0
9218,0
9219,0
9220,3
9221,4
9222,0
9223,1
9224,2
9225,1
9226,0
9227,1
9228,4
9229,0
9230,1
9231,2
9232,4
9233,4
9234,0
9235,0
9236,0
9237,5
9238,0
9239,3
9240,0
9241,7
9242,0
9243,2
9244,0
9245,0
9246,2
9247,1
9248,0
9249,1
9250,1
9251,5
9252,1
9253,6
9254,0
9255,1
9256,0
9257,3
9258,7
9259,2
9260,1
9261,2
9262,10
9263,10
9264,2
9265,1
9266,0
9267,2
9268,2
9269,0
9270,1
9271,1
9272,1
9273,2
9274,3
9275,1
9276,0
9277,2
9278,0
9279,2
9280,5
9281,1
9282,6
9283,0
9284,0
9285,10
9286,2
9287,0
9288,1
9289,5
9290,4
9291,0
9292,4
9293,0
9294,5
9295,0
9296,0
9297,6
9298,4
9299,5
9300,1
9301,1
9302,0
9303,3
9304,0
9305,2
9306,1
9307,0
9308,2
9309,2
9310,0
9311,0
9312,3
9313,8
9314,2
9315,0
9316,0
9317,1
9318,1
9319,0
9320,5
9321,6
9322,1
9323,1
9324,3
9325,3
9326,5
9327,0
9328,9
9329,2
9330,1
9331,2
9332,3
9333,5
9334,4
9335,2
9336,8
9337,2
9338,2
9339,3
9340,2
9341,2
9342,0
9343,1
9344,1
9345,1
9346,2
9347,2
9348,0
9349,2
9350,2
9351,0
9352,2
9353,3
9354,1
9355,2
9356,0
9357,0
9358,4
9359,0
9360,2
9361,0
9362,9
9363,0
9364,1
9365,2
9366,2
9367,3
9368,10
9369,4
9370,3
9371,0
9372,4
9373,1
9374,12
9375,0
9376,6
9377,0
9378,3
9379,4
9380,4
9381,1
9382,0
9383,0
9384,1
9385,3
9386,0
9387,0
9388,1
9389,0
9390,1
9391,0
9392,0
9393,0
9394,9
9395,0
9396,11
9397,4
9398,0
9399,3
9400,0
9401,4
9402,0
9403,2
9404,1
9405,2
9406,1
9407,1
9408,0
9409,8
9410,0
9411,7
9412,4
9413,7
9414,7
9415,3
9416,0
9417,15
9418,3
9419,1
9420,0
9421,6
9422,3
9423,0
9424,0
9425,6
9426,0
9427,3
9428,2
9429,7
9430,0
9431,0
9432,9
9433,3
9434,0
9435,0
9436,5
9437,2
9438,2
9439,10
9440,5
9441,1
9442,0
9443,6
9444,1
9445,0
9446,0
9447,5
9448,0
9449,0
9450,8
9451,1
9452,7
9453,0
9454,0
9455,0
9456,0
9457,1
9458,1
9459,1
9460,4
9461,0
9462,1
9463,1
9464,0
9465,0
9466,1
9467,1
9468,4
9469,4
9470,7
9471,3
9472,3
9473,3
9474,4
9475,3
9476,0
9477,2
9478,10
9479,1
9480,1
9481,3
9482,3
9483,5
9484,2
9485,2
9486,8
9487,1
9488,0
9489,2
9490,0
9491,9
9492,3
9493,5
9494,1
9495,1
9496,9
9497,7
9498,0
9499,7
9500,6
9501,10
9502,2
9503,0
9504,1
9505,1
9506,0
9507,2
9508,1
9509,1
9510,2
9511,2
9512,2
9513,1
9514,3
9515,0
9516,1
9517,2
9518,1
9519,3
9520,6
9521,2
9522,1
9523,1
9524,9
9525,0
9526,4
9527,0
9528,4
9529,4
9530,1
9531,1
9532,2
9533,0
9534,3
9535,2
9536,1
9537,2
9538,2
9539,4
9540,1
9541,1
9542,0
9543,0
9544,2
9545,5
9546,1
9547,0
9548,0
9549,4
9550,1
9551,1
9552,0
9553,0
9554,0
9555,3
9556,0
9557,1
9558,0
9559,2
9560,0
9561,0
9562,1
9563,1
9564,1
9565,1
9566,2
9567,0
9568,1
9569,0
9570,8
9571,5
9572,7
9573,0
9574,1
9575,2
9576,0
9577,0
9578,0
9579,3
9580,1
9581,5
9582,2
9583,2
9584,0
9585,10
9586,6
9587,0
9588,4
9589,8
9590,7
9591,1
9592,2
9593,2
9594,1
9595,1
9596,3
9597,1
9598,0
9599,4
9600,2
9601,0
9602,3
9603,0
9604,5
9605,0
9606,4
9607,4
9608,0
9609,1
9610,0
9611,5
9612,1
9613,2
9614,0
9615,4
9616,0
9617,0
9618,0
9619,0
9620,0
9621,6
9622,4
9623,3
9624,2
9625,6
9626,5
9627,2
9628,2
9629,9
9630,1
9631,3
9632,1
9633,2
9634,2
9635,0
9636,4
9637,1
9638,2
9639,0
9640,1
9641,3
9642,4
9643,0
9644,2
9645,1
9646,5
9647,0
9648,2
9649,0
9650,0
9651,0
9652,0
9653,4
9654,1
9655,1
9656,3
9657,2
9658,7
9659,1
9660,2
9661,9
9662,0
9663,2
9664,4
9665,3
9666,3
9667,1
9668,0
9669,1
9670,1
9671,5
9672,3
9673,6
9674,2
9675,1
9676,0
9677,1
9678,3
9679,0
9680,1
9681,0
9682,0
9683,1
9684,1
9685,3
9686,0
9687,5
9688,9
9689,0
9690,0
9691,4
9692,17
9693,1
9694,5
9695,4
9696,4
9697,6
9698,6
9699,2
9700,3
9701,0
9702,5
9703,1
9704,3
9705,1
9706,1
9707,3
9708,1
9709,2
9710,7
9711,0
9712,1
9713,7
9714,2
9715,6
9716,5
9717,2
9718,0
9719,5
9720,0
9721,2
9722,4
9723,1
9724,1
9725,0
9726,3
9727,2
9728,2
9729,1
9730,0
9731,0
9732,2
9733,2
9734,5
9735,3
9736,4
9737,4
9738,0
9739,5
9740,1
9741,5
9742,3
9743,7
9744,1
9745,6
9746,0
9747,0
9748,4
9749,6
9750,1
9751,3
9752,1
9753,1
9754,0
9755,4
9756,12
9757,0
9758,0
9759,0
9760,3
9761,3
9762,0
9763,0
9764,5
9765,0
9766,1
9767,0
9768,0
9769,1
9770,1
9771,1
9772,3
9773,1
9774,2
9775,5
9776,3
9777,0
9778,1
9779,5
9780,1
9781,1
9782,2
9783,0
9784,2
9785,2
9786,6
9787,1
9788,0
9789,0
9790,1
9791,3
9792,0
9793,2
9794,3
9795,3
9796,1
9797,8
9798,0
9799,0
9800,3
9801,0
9802,0
9803,6
9804,2
9805,1
9806,0
9807,1
9808,5
9809,3
9810,8
9811,3
9812,3
9813,1
9814,10
9815,4
9816,1
9817,1
9818,1
9819,8
9820,5
9821,1
9822,7
9823,1
9824,1
9825,1
9826,2
9827,0
9828,1
9829,2
9830,4
9831,5
9832,0
9833,5
9834,2
9835,6
9836,0
9837,6
9838,2
9839,0
9840,1
9841,3
9842,0
9843,0
9844,3
9845,0
9846,1
9847,4
9848,9
9849,5
9850,2
9851,0
9852,4
9853,4
9854,3
9855,0
9856,0
9857,0
9858,5
9859,0
9860,5
9861,4
9862,2
9863,0
9864,2
9865,2
9866,0
9867,1
9868,0
9869,0
9870,3
9871,1
9872,4
9873,5
9874,0
9875,2
9876,0
9877,7
9878,0
9879,2
9880,1
9881,1
9882,1
9883,0
9884,0
9885,0
9886,5
9887,0
9888,1
9889,0
9890,0
9891,1
9892,1
9893,8
9894,0
9895,1
9896,0
9897,3
9898,1
9899,1
9900,0
9901,1
9902,0
9903,3
9904,5
9905,1
9906,4
9907,1
9908,5
9909,2
9910,0
9911,0
9912,3
9913,5
9914,0
9915,0
9916,1
9917,5
9918,4
9919,2
9920,0
9921,6
9922,0
9923,3
9924,5
9925,2
9926,0
9927,4
9928,0
9929,2
9930,7
9931,3
9932,0
9933,0
9934,3
9935,2
9936,0
9937,2
9938,7
9939,1
9940,2
9941,1
9942,3
9943,5
9944,2
9945,5
9946,0
9947,0
9948,1
9949,1
9950,1
9951,1
9952,2
9953,1
9954,1
9955,0
9956,2
9957,3
9958,2
9959,0
9960,0
9961,22
9962,0
9963,0
9964,7
9965,1
9966,3
9967,1
9968,3
9969,4
9970,6
9971,1
9972,0
9973,2
9974,3
9975,6
9976,11
9977,3
9978,1
9979,5
9980,3
9981,1
9982,0
9983,2
9984,2
9985,4
9986,9
9987,0
9988,4
9989,3
9990,2
9991,1
9992,0
9993,1
9994,4
9995,0
9996,2
9997,0
9998,7
9999,0
10000,4
